id,assistant_id,name,description,created_at,active,phone,payment_status,summary_time,niche,expectation,subject,link,updated_at
98,asst_WZIK8ZnOIae3xRRTqQv5qkMv,Mulheres do SEO 🌎,"Um espaço para mulheres trocarem experiências, dicas e apoio sobre SEO, promovendo um ambiente de aprendizado e colaboração.",2025-04-03 21:47:30.482746+00,t,120363381892002792-group,CANCELED,20,\N,\N,\N,\N,2025-08-19 16:21:09.994802+00
291,asst_wSjsvffIJcZPUME6E99vesSR,Pileco Muquiranis e Perdularis,"Um grupo caracterizado pela interação dinâmica e bem-humorada entre seus membros, onde predominam trocas de mensagens informais, piadas e reações emoji. A abordagem dos membros é calorosa, com boas-vindas a novos integrantes e discussões que misturam assuntos pessoais e temas atuais, com um tom leve e descontraído. Conversas frequentemente incluem referências a interesses comuns e brincadeiras sobre reações e comportamentos dos participantes.",2025-08-14 23:34:49.683864+00,t,556184088564-1495221374,PARNER,19,Espiritualidade e Propósito de Vida,Resumir o que foi falado,Grupo de amigos,https://chat.whatsapp.com/DaJj05C1sieGxvcI7d4Pdj?mode=ac_t,2025-08-19 16:21:09.994802+00
290,asst_byh0mIjximEmQHaJTTmJTivz,Eu Levo | Hub Tático,"""Grupo focado em estratégias de marketing digital, rastreamento de conversões e otimização de campanhas. Os membros discutem requisitos técnicos, melhorias em sistemas de atendimento, integração de dados no Google Ads e BigQuery, e compartilham relatórios e resultados, visando aumentar a eficiência das operações.""",2025-08-14 01:58:49.601841+00,t,120363419499361913-group,PARTNER,20,"Trata-se de um grupo reunindo a operação, o marketing e área de tecnologia",Resumir o que foi falado,Falamos sobre nossa própria empresa,https://chat.whatsapp.com/F4YUl8uJD7p2g7B4WTLoz7,2025-08-19 16:21:09.994802+00
187,asst_WPqybaOy3IMPH1lJdu5iS7t8,MAKE EM FOCO,"Um espaço de colaboração entre profissionais da beleza para trocar informações, estratégias de vendas, e oportunidades de negócios, visando o crescimento e a consolidação no mercado.",2025-04-30 14:28:40.285335+00,t,120363025513527780-group,TRIAL,20,\N,\N,\N,\N,2025-08-19 16:21:09.994802+00
264,asst_elYSM2EPHRA808lh2eQbRkhy,CS1 - Dúvidas,"Um grupo destinado a esclarecer dúvidas e gerenciar contratos e chamadas agendadas, promovendo a colaboração e suporte entre membros da equipe de vendas.",2025-08-04 19:02:47.570938+00,t,120363405847699903-group,PAARTNER,19,\N,\N,\N,\N,2025-08-19 16:21:09.994802+00
176,asst_FgbKRT4GUBZ9Ih90m0Y3OCYR,Linkedin na Prática,\N,2025-04-22 16:29:05.210655+00,t,120363231508455800-group,SPY,20,\N,\N,\N,\N,2025-08-19 16:21:09.994802+00
257,asst_Yuxp7GVM0spspzZg42DjpmNR,Mogauma Comunidade,"Um grupo onde membros compartilham imagens e informações, além de registrar a entrada e saída de participantes.",2025-07-29 22:56:45.946858+00,t,556181220615-1508083677,PARTNER,19,\N,\N,\N,\N,2025-08-19 16:21:09.994802+00
155,asst_eoXs6tL9fXsbthJlsIioToZA,Arrematador - JUDICIAL,"Um grupo voltado para discutir estratégias de arrematação judicial, tirar dúvidas sobre processos, compartilhar experiências e informações relevantes sobre leilões de imóveis e questões legais associadas.",2025-04-13 04:08:37.74258+00,t,120363399379588784-group,PAID,20,\N,\N,\N,\N,2025-08-19 16:21:09.994802+00
292,asst_GaZDoxXxijBhHvvUGJ7LMK2L,HUB SÃO PAULO 5G Company,"""Um grupo focado em discutir atualizações, compartilhar resumos e coordenar ações relacionadas ao desenvolvimento e implementação da tecnologia 5G em São Paulo.""",2025-08-17 10:27:12.671869+00,t,120363420354860906-group,TRIAL,19,"Marketing, Vendas e Negócios Digitais",Resumir o que foi falado,"É um HUb de empresários da Saúde. Médicos, Dentistas, Donos de Clínicas ou Consultórios. Marcamos eventos, realizamos inscrições, e levamos conteúdo de gestão, vendas, marketing, pessoas ",https://chat.whatsapp.com/JDQwzIf99iUJs88ZiV9jtl,2025-08-19 16:21:09.994802+00
74,asst_zoutv2t7HhrLKVLVDWrkLspl,MOAI | Networking Gourmet,"Um espaço para promover networking entre empresários e profissionais, com encontros semanais que combinam boa comida e troca de experiências.",2025-04-03 19:06:37.337198+00,t,120363294624724412-group,SPY,20,\N,\N,\N,\N,2025-08-19 16:21:09.994802+00
288,asst_sQtLUL7VoZnxFgtj5wIBtvPi,Família Orquídea Freire🌾,Um espaço para a família compartilhar momentos e imagens significativas.,2025-08-09 14:15:20.223308+00,t,556199728782-1378499716,TRIAL,19,Grupo da família ,Resumir o que foi falado,Assuntos familiares,https://chat.whatsapp.com/D52lGkvUtPq0yzBjkIhQP3?mode=ac_t,2025-08-19 16:21:09.994802+00
91,asst_JiRMAvSOfmPbKnczqsXH7DIx,Lithothamnium,"Um grupo nacional de estudos e trocas de informações técnicas sobre o Lithothamnium, destinado a especialistas e profissionais da área, com foco exclusivo no uso do produto sem associações comerciais.",2025-04-03 20:45:26.886913+00,t,120363406234544229-group,SPY,20,\N,\N,\N,\N,2025-08-19 16:21:09.994802+00
213,asst_7Jp4PAY8AjHWPB0sYzQz4JXM,DFAR - Moradores 2,"Um grupo destinado a moradores de Arniqueira para trocar informações sobre segurança, eventos, serviços locais e questões de infraestrutura na região.",2025-05-16 20:59:46.087505+00,t,120363406656986681-group,SPY,19,\N,\N,\N,\N,2025-08-19 16:21:09.994802+00
211,asst_MkzZjrDnUURQc7qYI39rLQ09,DFVP - Moradores 5,"Um grupo voltado para a comunicação e troca de informações entre moradores de Vicente Pires, abordando questões locais, como serviços, segurança e problemas de infraestrutura.",2025-05-16 20:58:53.840034+00,t,120363371154581640-group,SPY,19,\N,\N,\N,\N,2025-08-19 16:21:09.994802+00
265,asst_mQrtkzzvZlT8nqR32jZQER1g,MAGNUS LANÇAMENTOS🚀 - 2025 É TUDO NOSSO!,"Um grupo voltado para a troca de informações e estratégias relacionadas a lançamentos esperados para 2025, com um tom otimista e de conquista.",2025-08-05 05:42:38.57854+00,t,120363029551318365-group,TRIAL,19,\N,\N,\N,\N,2025-08-19 16:21:09.994802+00
256,asst_vYEXnVxDVk1oERSQtJnOYhDK,Bunker B2Mamy - Clevels  was,"Um espaço colaborativo onde membros compartilham experiências, dicas e recursos sobre empreendedorismo, tecnologia e desenvolvimento pessoal, promovendo a conexão e o apoio mútuo entre mulheres.",2025-07-24 15:53:34.453907+00,t,5511986444619-1486079626,PARTNER,19,\N,\N,\N,\N,2025-08-19 16:21:09.994802+00
231,asst_Zk6HaH7cKxOccnJarXt9Nhax,Creator Economy em Cannes,"Um grupo voltado para a interação e troca de experiências entre criadores na economia digital durante o evento de Cannes, promovendo discussões sobre tendências, festas e networking.",2025-06-17 18:24:55.657967+00,t,120363288736887111-group,TRIAL,19,\N,\N,\N,\N,2025-08-19 16:21:09.994802+00
196,asst_QWuXeJNMlj3zP37IzDd9DLiA,HUB-A LIGA EMPRESARIAL,"Um grupo voltado ao compartilhamento de conteúdos audiovisuais e documentos relacionados a temas empresariais e profissionais, promovendo interação e troca de informações entre os membros.",2025-05-05 02:07:23.33364+00,t,120363402554525862-group,SPY,20,\N,\N,\N,\N,2025-08-19 16:21:09.994802+00
168,asst_YucPwCPq1yM5lsvjRBKWBQxG,Agência Desdobre,Um grupo focado em compartilhar links úteis e informações relacionadas a marketing e ferramentas digitais.,2025-04-15 18:30:42.279479+00,t,120363304642287304-group,SPY,20,\N,\N,\N,\N,2025-08-19 16:21:09.994802+00
212,asst_QeCukXKJKDYpjxGtxabVBlct,DFVP - Moradores 6,"Um grupo voltado para troca de informações e apoio entre moradores de Vicente Pires, incluindo discussões sobre pets desaparecidos, recomendações de serviços locais e questões da comunidade.",2025-05-16 20:59:21.069829+00,t,120363386941784190-group,SPY,19,\N,\N,\N,\N,2025-08-19 16:21:09.994802+00
232,asst_rrIb9C2TVmRlqw0SWCR5vz65,🔥 Bóris - Testes,\N,2025-06-17 23:14:13.641284+00,f,120363338458942788-group,SPY,19,\N,\N,\N,\N,2025-08-19 16:21:09.994802+00
127,asst_2BhdmPRVccsQiuIiKitifgCK,Kite Pilequis 04/10 a 18/10,"Um grupo voltado para a organização de uma viagem de kite surf ao Ceará, onde os membros discutem destinos, logística, e compartilham experiências e sugestões de locais para aproveitar a prática e a convivência entre amigos.",2025-04-05 21:28:20.279029+00,t,120363202186847476-group,SPY,20,\N,\N,\N,\N,2025-08-19 16:21:09.994802+00
153,asst_hAvKfejskbTwi1Vb7SFKhA70,Inteligência Artificial | Network📱,"Um grupo voltado para a troca de conhecimentos sobre Inteligência Artificial, compartilhamento de cursos, ferramentas e experiências práticas na área.",2025-04-11 23:56:14.605206+00,t,120363365894871323-group,SPY,20,\N,\N,\N,\N,2025-08-19 16:21:09.994802+00
293,asst_BYdU36DqN4MUvREPPkIV4z0m,HUB 5G Company ,\N,2025-08-17 10:28:34.308407+00,t,120363396835787149-group,TRIAL,19,\N,\N,\N,\N,2025-08-19 16:21:09.994802+00
289,asst_3N1EstPw9xDvfaSIqe19fOnz,IA com propósito,"Um grupo voltado para a troca de experiências e aprendizagem sobre o uso de inteligência artificial em diversas áreas, incentivando o engajamento e a colaboração entre os membros.",2025-08-11 10:00:14.439625+00,t,120363401924636332-group,PARTNER,19,Desenvolvimento Pessoal e Profissional,Resumir o que foi falado,"É um grupo sobre Inteligência Artificial, que o propósito é compartilhar novidades, experiências, cursos, worlshops e estimular a conexão entre outras pessoas",https://chat.whatsapp.com/FVwSUdW6rDI3nSO4IEpZzf,2025-08-19 16:21:09.994802+00
266,asst_jisg16xkFGUFOt8n1YhfCbnI,"Fortaleza, aí vamos nós!🥳🏖️⛱️🎢✈️",Um grupo destinado à realização de viagens e compartilhamento de experiências relacionadas a Fortaleza.,2025-08-05 06:04:02.167235+00,t,120363031674838859-group,SPY,19,\N,\N,\N,\N,2025-08-19 16:21:09.994802+00
258,asst_QR0jF0bRZlhhUmUWnxkvjRIC,Mogauma Comunidade,"Um grupo onde os membros se interagem sobre a comunidade Mogauma, com trocas de informações e atualizações.",2025-07-29 22:56:47.492343+00,t,120363090647528619-group,COMMUNITY,19,\N,\N,\N,\N,2025-08-19 16:21:09.994802+00
197,asst_7vHp3xbuSOgBIcw5iuVVyEhl,Furcata,\N,2025-05-05 13:36:34.477496+00,t,120363376079307480-group,SPY,20,\N,\N,\N,\N,2025-08-19 16:21:09.994802+00
45,asst_HTcXMIlpXNRr8TDYqtRKCsmt,Comunidade Magnetic Flows,"Um grupo destinado ao compartilhamento de informações, novidades e suporte sobre automação de marketing e ferramentas de marketing digital, promovendo colaboração entre os membros.",2025-04-03 16:51:12.970711+00,t,120363265930170629-group,SPY,20,\N,\N,\N,\N,2025-08-19 16:21:09.994802+00
116,asst_3eqDsAf9dWTwEy9GodRDCMZ6,Casados / Avulsos / Kids,"Um grupo de conversas descontraídas onde membros compartilham experiências sobre relacionamentos e paternidade, frequentemente com humor e provocações.",2025-04-04 17:06:58.077963+00,t,5511976645090-1454171629,SPY,20,\N,\N,\N,\N,2025-08-19 16:21:09.994802+00
131,asst_6z3XDvriYQGsJOY2DzsDNl5k,Catapulta Digital,"Um grupo voltado para a gestão financeira e trocas de informações relacionadas a contas, documentos e recursos digitais entre os membros.",2025-04-07 11:10:56.650971+00,t,120363203009092719-group,SPY,20,\N,\N,\N,\N,2025-08-19 16:21:09.994802+00
199,asst_NGolcuwGYJaO7P7wMl5YJmbs,Portaria Villa manah,"Um grupo voltado para a comunicação da portaria do condomínio Villa Manah, onde são registrados entradas e saídas de moradores, funcionários e visitantes, além de informações sobre pagamentos e manutenções.",2025-05-06 12:52:39.782355+00,t,120363321488125348-group,PARTNER,20,\N,\N,\N,\N,2025-08-19 16:21:09.994802+00
233,asst_Rbaz7Y6Vxb7VDYAypdkegRNt,Testeboris1234,\N,2025-06-17 23:14:13.763246+00,f,120363320765570931-group,SPY,19,\N,\N,\N,\N,2025-08-19 16:21:09.994802+00
151,asst_KWy76sv9IDOz3FRJYpfdwIhZ,ACESSO TOTAL - Alunos,"Um espaço para alunos trocarem conhecimentos, esclarecerem dúvidas sobre contabilidade e tributação, e acessarem conteúdos e aulas ao vivo relacionados à Escrituração Contábil Digital (ECD).",2025-04-11 14:53:48.434053+00,t,120363358790503492-group,PAID,20,\N,\N,\N,\N,2025-08-19 16:21:09.994802+00
174,asst_rfDdaKf91FEyQyaqsAfJpOVr,𝐶𝐴𝑅𝑅𝑂𝑆 𝐸 𝑀𝑂𝑇𝑂𝑆 ⁰¹,"Um grupo onde os membros saem sem interações significativas, indicando pouca atividade ou engajamento.",2025-04-20 13:27:21.038582+00,t,120363161484049938-group,SPY,20,\N,\N,\N,\N,2025-08-19 16:21:09.994802+00
189,asst_Cc4eW1hxlWKIylHmXanEBQUC,DFAC - Melhorias no Trânsito,"Um grupo voltado para a discussão e proposição de melhorias no trânsito de Águas Claras, buscando soluções efetivas e viáveis para os principais gargalos da região.",2025-04-30 17:15:46.407129+00,t,120363401885059063-group,SPY,20,\N,\N,\N,\N,2025-08-19 16:21:09.994802+00
143,asst_igDl7sNJP3Fjw5GL8LktY6Qm,Mentoria Contador Tributarista,"Um espaço para contadores e profissionais da área tributária trocarem experiências, esclarecerem dúvidas e discutirem temas relacionados à prática contábil e tributária.",2025-04-10 17:20:30.115246+00,t,120363297125869372-group,PAID,20,\N,\N,\N,\N,2025-08-19 16:21:09.994802+00
198,asst_JLECY848JGkPAGpvrqD5itPO,Portaria Essence Tatuamunha,"Um grupo voltado para a gestão e manutenção do condomínio Portaria Essence Tatuamunha, onde são discutidos assuntos como a reposição de equipamentos, ajustes necessários e coordenação de serviços para os moradores.",2025-05-06 12:49:57.721736+00,t,120363194890757033-group,PARTNER,20,\N,\N,\N,\N,2025-08-19 16:21:09.994802+00
110,asst_htDSqoyBoX7aETOP9Gb9i6ZS,para se ajudar no Instagram 👍 🥋para repostar o vídeo do próximo nos stories🥋,Um grupo criado para auxiliar na promoção e repostagem de vídeos no Instagram entre os membros.,2025-04-04 13:22:33.352488+00,t,120363289762313598-group,SPY,20,\N,\N,\N,\N,2025-08-19 16:21:09.994802+00
214,asst_UQuKQjNK8uYihwfYlHjbAcMH,🎣🦈COCALINHO de GIGANTES🦈🎣,"Um grupo voltado para a troca de experiências, dicas e conteúdo sobre pesca, onde membros compartilham imagens, vídeos e interagem sobre suas aventuras e equipamentos relacionados.",2025-05-17 13:48:05.605491+00,t,556284614591-1527467589,SPY,19,\N,\N,\N,\N,2025-08-19 16:21:09.994802+00
12,asst_rQuJGYj3aFW9X4in6PyuldAn,NETWORK ⚫,"Um espaço para profissionais de design trocarem experiências, dicas e oportunidades de trabalho, com ênfase no desenvolvimento de métodos sustentáveis e criação de redes de conexão.",2025-04-03 16:06:25.769771+00,t,120363386990499749-group,TRIAL,20,\N,\N,\N,\N,2025-08-19 16:21:09.994802+00
259,asst_Z0gDfieXhiILdI4QGAASmAP2,Illuminantes,"Um grupo voltado para a troca de experiências e o apoio mútuo entre amigos, com ênfase em cinema, eventos culturais e confraternizações.",2025-07-29 23:00:20.082436+00,t,556192672882-1385304885,PARTNER,19,\N,\N,\N,\N,2025-08-19 16:21:09.994802+00
280,asst_PKMrTCwiJmyQ3rhiZnCx2WG4,Mentoria ALA,"Um grupo voltado para a mentoria e troca de experiências práticas sobre desenvolvimento profissional e estratégias de marketing, com ênfase no apoio mútuo entre os membros.",2025-08-08 16:28:47.27117+00,t,120363400077472484-group,PAID,22,\N,\N,\N,\N,2025-08-19 16:21:09.994802+00
81,asst_nXKXIyuOBbkCPIM2Hv4rcVWI,Vibe Session,"Um grupo voltado para compartilhar músicas, vídeos e informações sobre sessões de DJ, promovendo interação e entusiasmo entre amigos apaixonados por música e festas.",2025-04-03 19:40:16.270471+00,t,5511959286994-1599340529,SPY,20,\N,\N,\N,\N,2025-08-19 16:21:09.994802+00
215,asst_POam6NuDKl8Gmoisa8kqu72e,🏆 Desafio Master Grower - em Clãs,\N,2025-05-17 16:04:08.920891+00,t,120363375530496811-group,SPY,19,\N,\N,\N,\N,2025-08-19 16:21:09.994802+00
234,asst_YUdrsjMN40DyuU2AfiAn5vFW,Viagem Fortaleza,\N,2025-06-17 23:14:13.98148+00,f,120363321832220356-group,SPY,19,\N,\N,\N,\N,2025-08-19 16:21:09.994802+00
190,asst_sXF9SV4ctH9o81tqLQULe94T,Força Invicta Veteranos,"Um grupo de veteranos que discute questões políticas e sociais atuais, expressando preocupações sobre a situação econômica e governamental do Brasil, com ênfase na defesa da democracia e críticas direcionadas a figuras políticas.",2025-04-30 20:06:17.850485+00,t,557199393366-1484845780,SPY,20,\N,\N,\N,\N,2025-08-19 16:21:09.994802+00
173,asst_zqf1GhZ07wd6CyVRNtv27DYb,ᗪᗩᖇK SᕼITIS,"Um grupo que parece estar em processo de desmobilização, com membros saindo frequentemente.",2025-04-20 10:35:37.953545+00,t,120363042231701052-group,SPY,20,\N,\N,\N,\N,2025-08-19 16:21:09.994802+00
169,asst_uF5KF3jg60lgPgvxB6Z0xa82,Melhor Garante,Um grupo criado para resolver questões relacionadas à remoção de contatos indesejados em uma conversa no WhatsApp.,2025-04-15 23:40:06.95291+00,t,120363183689342087-group,SPY,20,\N,\N,\N,\N,2025-08-19 16:21:09.994802+00
202,asst_j2GoO8sMmO44nDHBi6v7f8A1,ADM NALUUM Thaynara 01/10/24 a 01/10/25,"Um grupo voltado à coordenação e acompanhamento de compras, pagamentos e logística relacionadas ao condomínio Naluum, facilitando a comunicação entre os membros sobre necessidades urgentes e orçamentos.",2025-05-06 13:29:46.472714+00,t,120363306650663582-group,PARTNER,20,\N,\N,\N,\N,2025-08-19 16:21:09.994802+00
175,asst_J1JdrI4f4gFMFHt3ktaSmSqc,Taverna do Lascombe 🏰,\N,2025-04-21 15:25:49.978339+00,t,120363225180205868-group,SPY,20,\N,\N,\N,\N,2025-08-19 16:21:09.994802+00
63,asst_Wea0RxxCqihcacWhNYYIdLPV,A LIGA EMPRESARIAL ,Um espaço colaborativo onde empresários buscam estratégias práticas e apoio mútuo para escalar seus negócios e alcançar resultados extraordinários.,2025-04-03 17:26:24.001985+00,t,120363215775113115-group,SPY,20,\N,\N,\N,\N,2025-08-19 16:21:09.994802+00
76,asst_J5jKihYeiUrOKR5mBpKrcbb9,Tmj ⭐vagas de emprego ,Grupo dedicado à divulgação de vagas de emprego e oportunidades de trabalho em diversas áreas.,2025-04-03 19:12:58.748891+00,t,120363360983782639-group,SPY,20,\N,\N,\N,\N,2025-08-19 16:21:09.994802+00
268,asst_ClOIag1XdUsMNVM0Ri9w5Aee,Time Izadora | 🚀📱,"Um grupo voltado para a criação e desenvolvimento de conteúdos relacionados à formação de corretores no mercado imobiliário, com discussões sobre roteiros, estratégias de convite e organização de eventos.",2025-08-05 19:16:04.033354+00,t,120363183363569331-group,PARTNER,19,\N,\N,\N,\N,2025-08-19 16:21:09.994802+00
260,asst_l9QDJSc7w0TtXVpJXidF1mX1,SVB Brasília - Divulgação Geral - Grupo Aberto à Comunidade 💚,"Um grupo aberto à comunidade para a promoção de um estilo de vida vegano e discussão de temas relacionados à saúde, preservação ambiental e ações sociais em Brasília.",2025-07-29 23:02:35.629345+00,t,120363117506475841-group,PARTNER,19,\N,\N,\N,\N,2025-08-19 16:21:09.994802+00
97,asst_PsYIDREiXrlGSxYYawuJ0efj,Discussão rica | Enquetes ✨,"Um grupo voltado para a troca de conhecimentos sobre SEO e ferramentas relacionadas, promovendo enquetes para identificar interesses e níveis de conhecimento dos membros.",2025-04-03 21:47:24.738827+00,t,120363362274160029-group,CANCELED,20,\N,\N,\N,\N,2025-08-19 16:21:09.994802+00
261,asst_4JNlveEuIeEcI6AolcpMCFeL,CJE-DF,"Um grupo voltado para a celebração de aniversários e demonstração de carinho entre amigos, reforçando laços de amizade e apoio emocional.",2025-07-29 23:06:10.488555+00,t,556199835759-1490126688,PARTNER,19,\N,\N,\N,\N,2025-08-19 16:21:09.994802+00
216,asst_KJjJvgXRNdTUc01cO3iZzPIc,UGC HUB – Conexão & Crescimento,\N,2025-05-18 03:35:20.19496+00,t,120363394411896110-group,SPY,19,\N,\N,\N,\N,2025-08-19 16:21:09.994802+00
136,asst_FHNZoTTNmVFkzGZf0UyNEHVV,Comunidade Wishme,"Um grupo onde os membros se reúnem para trocar experiências e informações, promovendo a colaboração e o suporte mútuo.",2025-04-08 17:05:26.26789+00,t,120363303659495987-group,SPY,20,\N,\N,\N,\N,2025-08-19 16:21:09.994802+00
201,asst_hDSgMORPQUd8zaOdDZOL9eEt,Premiatto - MORADORES,Um grupo destinado à comunicação entre os moradores do Premiatto para informações e atualizações relevantes.,2025-05-06 13:28:15.608974+00,t,558288031732-1627907773,PARTNER,20,\N,\N,\N,\N,2025-08-19 16:21:09.994802+00
235,asst_OtkCcEogLMIiirpAnp1uK0rB,Hiago,Um grupo onde Hiago compartilha listas de compras e consulta Boris sobre suas capacidades de ajuda.,2025-06-21 23:04:36.953639+00,t,120363416109484819-group,SPY,19,\N,\N,\N,\N,2025-08-19 16:21:09.994802+00
177,asst_neGeDUfWZ6hSNZPcopixVFtn,Projeto Cecília Rocha,"Um grupo focado na organização e promoção do projeto musical de Cecília Rocha, envolvendo discussões sobre apresentações, estratégias de divulgação e conteúdos relacionados à música.",2025-04-22 17:47:48.868108+00,t,120363387586837280-group,SPY,20,\N,\N,\N,\N,2025-08-19 16:21:09.994802+00
53,asst_dafozF8yiY3D0Y6ZzX8G9Ddv,SEO | Girl Power,"Um grupo voltado para o empoderamento feminino na área de SEO, onde membros compartilham conhecimentos, cursos e experiências sobre otimização de sites e estratégias digitais.",2025-04-03 17:00:29.047499+00,t,5511965954789-1566219732,SPY,20,\N,\N,\N,\N,2025-08-19 16:21:09.994802+00
170,asst_UM2RSF5JAFAf8Q2UDBpQwv7n,2024 | Conselho Dudu,\N,2025-04-16 18:15:55.973476+00,t,120363211200750117-group,SPY,20,\N,\N,\N,\N,2025-08-19 16:21:09.994802+00
157,asst_Z9xo12SpYKptsQNLWolyrqod,"DICAS , HORÁRIOS & ESTRATÉGIAS 🎰 ","Um grupo voltado para a troca de dicas, horários e estratégias relacionadas a jogos de apostas.",2025-04-13 08:06:12.928891+00,t,120363285382346915-group,SPY,20,\N,\N,\N,\N,2025-08-19 16:21:09.994802+00
1,asst_aC6fqhiadTCI8s6xMmxHKeFE,MRC - Crypto Papo ✍️🗣️,"Um grupo voltado para o compartilhamento de conhecimento, dicas e discussões sobre investimentos em criptomoedas, estratégias de negociação e tendências do mercado.",2025-04-03 16:03:09.974023+00,t,120363264155546486-group,CANCELED,20,\N,\N,\N,\N,2025-08-19 16:21:09.994802+00
237,asst_C9Eb2fBQSbpF5vHW4ch49SuU,✨ Iconics ✨,"Um grupo focado em interações sobre a presença de inteligência artificial e a gestão de membros, com ênfase na resolução de conflitos e organização interna.",2025-06-22 16:31:47.971535+00,t,120363163279765692-group,SPY,19,\N,\N,\N,\N,2025-08-19 16:21:09.994802+00
13,asst_Fg7nipBduLNbpAX9YVUrqyOq,📢 Boletim Sensata 🗞️,"Um espaço para a troca de informações e análises sobre economia, mercado financeiro e atualidades, com atualizações diárias e discussões sobre políticas econômicas relevantes.",2025-04-03 16:07:57.719031+00,t,120363093409595106-group,SPY,20,\N,\N,\N,\N,2025-08-19 16:21:09.994802+00
92,asst_HLG31GbC5SgoYQVnEnvd6Pmy,🟨 Conexão IPÊ | Leia a descrição,"Um grupo voltado para conectar profissionais de marketing digital através de eventos presenciais, networking e troca de experiências.",2025-04-03 20:46:10.03701+00,t,120363337333226601-group,SPY,20,\N,\N,\N,\N,2025-08-19 16:21:09.994802+00
236,asst_ZazOkHFt2rHfhsSh0KNV6auo,Novo élan,"Um grupo que se diverte trocando ideias, planos de viagem e resumos de eventos, com um tom descontraído e interações humorísticas entre os membros.",2025-06-22 16:31:02.244137+00,t,120363421744392213-group,SPY,19,\N,\N,\N,\N,2025-08-19 16:21:09.994802+00
20,asst_wD0ndyGg5OdMa1HCGEvS09ra,SUDESTE ↘️ ↘️ ⚙️OPERADORESDE🚩TOUR,"Um grupo voltado à interação entre operadores de turismo do Sudeste, compartilhando informações sobre passeios, eventos e oportunidades de negocio na área de turismo.",2025-04-03 16:10:07.901226+00,t,120363026936818215-group,PARTNER,20,\N,\N,\N,\N,2025-08-19 16:21:09.994802+00
100,asst_zGW0sSYPS2BztB9UQ4ycMCNF,Café da BQ,"Um espaço para empreendedores trocarem experiências, divulgarem eventos e oportunidades de networking, além de discutirem estratégias de negócios e desenvolvimento pessoal.",2025-04-03 23:33:23.379266+00,t,5521984633047-1520476282,SPY,20,\N,\N,\N,\N,2025-08-19 16:21:09.994802+00
181,asst_0l46lJj7FGoHuP31wicIqJlz,SEO | América Latina 🌎,\N,2025-04-24 14:14:37.339758+00,t,120363354807693818-group,TRIAL,20,\N,\N,\N,\N,2025-08-19 16:21:09.994802+00
61,asst_vjLCAXCo585f47xZjvNQPznr,Bóris - Tony Ventura [White Label],\N,2025-04-03 17:24:45.714021+00,t,120363410607351500-group,SPY,20,\N,\N,\N,\N,2025-08-19 16:21:09.994802+00
3,asst_h0ZP0hc19XH8f4KyB9ud7gin,Comunidade da Pesca Viúva Rio Araguaia,"Um grupo voltado para a troca de informações sobre pesca na região do Rio Araguaia, incluindo compartilhamento de vídeos, imagens, e incentivos ao convívio comunitário.",2025-04-03 16:03:13.308625+00,t,120363193705645770-group,PARTNER,20,\N,\N,\N,\N,2025-08-19 16:21:09.994802+00
148,asst_eLAVUv9gpuXyyVr0dMIZIHrt,MKT - Clidef,\N,2025-04-10 21:28:37.928573+00,t,120363289318986984-group,PAID,20,\N,\N,\N,\N,2025-08-19 16:21:09.994802+00
262,asst_H0pyxBH50kWMtXTZO9KCq9Lu,Comunidade Namastech ,"Um espaço para troca de conhecimentos e experiências sobre tecnologia e humanização, com ênfase em aprendizagens e reflexões com gratidão e apoio mútuo.",2025-07-29 23:07:27.250801+00,t,120363385031197867-group,PARTNER,19,\N,\N,\N,\N,2025-08-19 16:21:09.994802+00
217,asst_btRQ29B7JWdZAZMkqHaakJUQ,MOAI | Mulheres,"Um espaço colaborativo para mulheres empreendedoras de Brasília trocarem experiências, fortalecerem suas networks e buscarem desenvolvimento profissional conjunto.",2025-05-19 13:17:06.937994+00,t,120363027054033332-group,PARTNER,20,\N,\N,\N,\N,2025-08-19 16:21:09.994802+00
43,asst_bCBaVSP9925dWJSXCTAPKbVb,"Inteligência Artificial, Growth e Marketing","Um espaço para troca de ideias e estratégias sobre inteligência artificial, marketing e crescimento, com foco na colaboração e aprendizado contínuo entre os membros.",2025-04-03 16:46:25.194898+00,t,120363042739668826-group,SPY,20,\N,\N,\N,\N,2025-08-19 16:21:09.994802+00
121,asst_HvMNiBF3IW8jsr6g72hgHtPb,Subtitulos en espanol 🌮,Um grupo voltado para a troca de senhas e informações relacionadas a legendas em espanhol.,2025-04-04 21:03:32.59481+00,t,5522992749218-1541604109,SPY,20,\N,\N,\N,\N,2025-08-19 16:21:09.994802+00
218,asst_NAHF7GqeIZ0d0uNMLIydViPY,Vendas B2B (Prospecção de Serviços),"Um grupo voltado para a troca de experiências e networking entre profissionais de vendas B2B, como consultores e vendedores, com foco em prospecção de serviços.",2025-05-19 18:53:23.765624+00,t,120363419706636986-group,SPY,19,\N,\N,\N,\N,2025-08-19 16:21:09.994802+00
149,asst_AbjN1fDh0D4GybVkdGxoYytW,OFICINA [TIME],\N,2025-04-11 00:51:40.315841+00,t,120363290916066343-group,TRIAL,20,\N,\N,\N,\N,2025-08-19 16:21:09.994802+00
22,asst_RvzMrLNB9aEymgsknfMzhizY,♦️EQUIPE VERMELHA♦️,"Um grupo voltado para compartilhar informações, experiências e apoio mútuo entre os membros, promovendo interações de diversão e solidariedade entre amigos e familiares.",2025-04-03 16:13:39.523877+00,t,120363410845488998-group,SPY,20,\N,\N,\N,\N,2025-08-19 16:21:09.994802+00
119,asst_xO9nQKy94SSELK7M99gpNALW,RD CAMPINAS 🎈,"Um grupo que registra a saída e entrada de membros, sugerindo um ambiente dinâmico e em constante mudança em Campinas.",2025-04-04 20:37:31.106337+00,t,120363315426248698-group,TRIAL,20,\N,\N,\N,\N,2025-08-19 16:21:09.994802+00
178,asst_jSSescJWj3O77pcmjl8vgPIM,LOVEFISHINGBR ❤️🎣🇧🇷,"Um grupo voltado para a troca de informações, promoções e experiências relacionadas à pesca, incluindo conteúdo humorístico e interações entre apaixonados pelo hobby.",2025-04-22 22:10:28.12093+00,t,120363319599731451-group,SPY,20,\N,\N,\N,\N,2025-08-19 16:21:09.994802+00
69,asst_1yPBNiZKSCeivMM28ZZg88Dl,MOAI | Comunidade,"Um grupo voltado para a construção e o fortalecimento da comunidade MOAI, onde os membros são incentivados a participar ativamente da definição de eventos e mentoria, visando atingir objetivos pessoais e coletivos.",2025-04-03 18:20:20.199702+00,t,120363204846871232-group,SPY,20,\N,\N,\N,\N,2025-08-19 16:21:09.994802+00
238,asst_yMmKYZ1kNGTJk2k8Put9CvWd,ORLÂNDIA,"Um grupo voltado para o compartilhamento de memes, vídeos engraçados e interações descontraídas entre amigos.",2025-06-22 20:37:33.450922+00,t,19295051063-1565831804,SPY,19,\N,\N,\N,\N,2025-08-19 16:21:09.994802+00
51,asst_nrDE8Ri16B8eHZkHzT3LAorI,Growth SP (BR inteiro),"Um espaço colaborativo focado em estratégias de marketing, troca de experiências e oportunidades profissionais, onde membros discutem inovações e desafios do mercado digital.",2025-04-03 16:59:07.519356+00,t,5511991930845-1512414892,SPY,20,\N,\N,\N,\N,2025-08-19 16:21:09.994802+00
25,asst_TZWnuyliUFOOhMfACBT64nmP,DFVP - G1,"Um grupo destinado à troca de informações, recomendações e soluções entre moradores de Vicente Pires, abordando temas variados como serviços locais, eventos e questões comunitárias.",2025-04-03 16:15:29.706954+00,t,120363338550600142-group,SPY,20,\N,\N,\N,\N,2025-08-19 16:21:09.994802+00
57,asst_Fp91lawX71qvhfeDnyL540XE,Inteligência Artificial | Tecnologia | Ferramentas de Marketing,"Um grupo voltado para a troca de informações e experiências sobre inteligência artificial, tecnologias inovadoras e ferramentas de marketing.",2025-04-03 17:16:23.235418+00,t,120363046088674522-group,SPY,20,\N,\N,\N,\N,2025-08-19 16:21:09.994802+00
142,asst_bbtPJmVXrf7I0bz6cBOI3y1u,SUDESTE↘️ ⚙️OPERADORESDE🚩TOUR,"Um grupo voltado para profissionais de turismo na região Sudeste, onde são trocadas informações, dicas e oportunidades de trabalho relacionadas a passeios e guias turísticos.",2025-04-10 12:05:13.877239+00,t,120363044610100484-group,PARTNER,20,\N,\N,\N,\N,2025-08-19 16:21:09.994802+00
161,asst_ju2NHzGU6kV9xlHsp4zPs5vD,Inteligência artificial,"Um grupo voltado para a troca de informações, dicas e experiências relacionadas à inteligência artificial, com ênfase em ferramentas, aplicativos e a discussão sobre suas aplicações práticas.",2025-04-14 15:23:46.25072+00,t,120363030959578559-group,SPY,20,\N,\N,\N,\N,2025-08-19 16:21:09.994802+00
75,asst_DqB8h38j32iLk4T1EBPWEeha,Inteligência Artificial | Network 🤖,"Um espaço para entusiastas de inteligência artificial trocarem conhecimentos, dicas e experiências sobre inovações tecnológicas, desenvolvimento de projetos e oportunidades no mercado.",2025-04-03 19:09:25.712641+00,t,120363029046433800-group,SPY,20,\N,\N,\N,\N,2025-08-19 16:21:09.994802+00
103,asst_lzHl4kO62hVLyxWxKXfkXSS9,Irmãos Rocha,"Um espaço de interação familiar onde os membros compartilham notícias pessoais, memórias e momentos especiais, promovendo carinho e apoio mútuo.",2025-04-04 01:54:13.028389+00,t,556199827236-1468073294,SPY,20,\N,\N,\N,\N,2025-08-19 16:21:09.994802+00
101,asst_tjeFAZ8vP5ollUWGcGFYMQVZ,MKT IBRAFE,"Um grupo voltado para a análise e discussão do mercado de feijão, com ênfase em informações estratégicas para produtores e comerciantes, visando otimização de vendas e compreensão das dinâmicas de oferta e demanda.",2025-04-04 01:07:40.223397+00,t,554199479339-1633098307,TRIAL,20,\N,\N,\N,\N,2025-08-19 16:21:09.994802+00
86,asst_DDQ6vvvRFhF57HpuX9Xc42Ka,r/MarketingDigitalBR,"Um espaço voltado para a troca de experiências e dicas sobre Marketing Digital ético, priorizando práticas White Hat e evitando atividades antiéticas ou ilegais.",2025-04-03 19:56:18.439943+00,t,120363133941448586-group,PARTNER,20,\N,\N,\N,\N,2025-08-19 16:21:09.994802+00
263,asst_bIPz0gLZtOIXgELgC77uKWZv,IA PARA TODOS #014,"Um espaço colaborativo para entusiastas de inteligência artificial compartilharem conhecimentos, discutirem novas tecnologias e explorarem aplicações práticas da IA.",2025-07-29 23:11:55.678939+00,t,120363313505949247-group,PARTNER,19,\N,\N,\N,\N,2025-08-19 16:21:09.994802+00
80,asst_VWbz7veiNj939azOMWXPE69T,Monólogo 🚀🏴‍☠,"Um grupo voltado para discussões e compartilhamento de informações sobre marketing, estratégias de CRM e a experiência do cliente, com foco em automação e segmentação.",2025-04-03 19:36:49.392614+00,t,5527997021540-1552443303,SPY,20,\N,\N,\N,\N,2025-08-19 16:21:09.994802+00
156,asst_ALMfddlou9kXjUYp5EG1EHot,[T13 -AVISOS] Mentoria Arrematador,\N,2025-04-13 04:08:37.878118+00,t,120363382255413742-group,SPY,20,\N,\N,\N,\N,2025-08-19 16:21:09.994802+00
160,asst_D4bP0JhQlqCzvtYHyuAnoTYm,Craft Blue,"Um grupo focado em discutir estratégias de lançamentos, tráfego pago e otimização de vendas, promovendo troca de experiências e apoio mútuo entre seus membros.",2025-04-14 14:59:41.790538+00,t,120363086916641870-group,PAID,20,\N,\N,\N,\N,2025-08-19 16:21:09.994802+00
32,asst_3VNUrX3XBvHS38D5mmMEwrl1,DFAC - G29,"Um grupo voltado para a troca de informações e discussões sobre a comunidade de Águas Claras, incluindo eventos, segurança, mobilidade e demandas locais.",2025-04-03 16:22:36.863188+00,t,120363065062424261-group,SPY,20,\N,\N,\N,\N,2025-08-19 16:21:09.994802+00
94,asst_4dymBM8hJFVqUcNVmHep1h4A,Confraria Web3,"Um grupo destinado à troca de experiências, conhecimentos e novidades sobre tecnologia Web3 e sua comunidade em constante transformação.",2025-04-03 21:04:02.558597+00,t,120363030842111839-group,TRIAL,20,\N,\N,\N,\N,2025-08-19 16:21:09.994802+00
239,asst_7i3Q22cMX2XfZr90EP0uX7wS,MEU GRUPO,"Um grupo voltado para discussões sobre gastronomia e organização de eventos, incluindo troca de receitas, sugestões de pratos e planejamento de roteiros de viagem.",2025-06-22 20:38:20.66477+00,t,14072726771-1557885369,SPY,19,\N,\N,\N,\N,2025-08-19 16:21:09.994802+00
99,asst_ilRn2vQUDzGrlupsj9VtEZrX,Comunidade EducaSEO,"Um grupo voltado para a troca de informações, suporte e desenvolvimento de conhecimento sobre SEO e marketing digital, promovendo a interação entre os membros e a divulgação de eventos relacionados.",2025-04-03 22:35:35.016197+00,t,120363370343025619-group,SPY,20,\N,\N,\N,\N,2025-08-19 16:21:09.994802+00
67,asst_OxI38V4jlzgGpoeOadCa1ig1,Hunters Black ®️,"Um espaço colaborativo onde membros se apoiam em suas jornadas profissionais, trocando experiências, dicas, e celebrando conquistas na busca de aprimoramento contínuo e desenvolvimento pessoal.",2025-04-03 17:52:10.751322+00,t,120363043397859984-group,SPY,20,\N,\N,\N,\N,2025-08-19 16:21:09.994802+00
113,asst_aXmv8ZuIHF8dSGZ5Ud2mSKSg,🌊 Weedpedia 💚,"Um grupo voltado para a troca de informações, experiências e discussões sobre o cultivo e uso da maconha.",2025-04-04 17:01:10.907607+00,t,120363374988643356-group,SPY,20,\N,\N,\N,\N,2025-08-19 16:21:09.994802+00
39,asst_BcezshRpFhlgWkcfeHjtqCEP,Notícias do Agro GO-MG,"Um grupo focado em compartilhar e debater notícias relacionadas ao agronegócio em Goiás e Minas Gerais, com ênfase em informações relevantes e atualizações do setor.",2025-04-03 16:31:47.57481+00,t,556499657949-1397664506,SPY,20,\N,\N,\N,\N,2025-08-19 16:21:09.994802+00
117,asst_p2YVe3qCqSzUoP71DBgWb6Xu,Time VOI 📚📌📋,"Um grupo voltado para a melhoria contínua do atendimento da Clínica VOI, com foco na avaliação de pacientes, suporte colaborativo entre os profissionais e promoção de um ambiente de trabalho acolhedor e integrado.",2025-04-04 17:13:05.578068+00,t,556182177671-1496336191,SPY,20,\N,\N,\N,\N,2025-08-19 16:21:09.994802+00
219,asst_PVM8jbyDMPcw0mt8EQYbzqdO,Comunidade M100k 🚀,"Um grupo de apoio e compartilhamento de conhecimentos entre empreendedores do ramo de marmitarias, focado em impulsionar vendas e celebrar conquistas.",2025-05-20 16:11:31.613069+00,t,120363129621643234-group,PAID,19,\N,\N,\N,\N,2025-08-19 16:21:09.994802+00
18,asst_LlEhAiw4nB0TIeGfwFzClOSm,DFVP - G3,"Um grupo voltado para a troca de informações, soluções e apoio sobre problemas e necessidades da comunidade de Vicente Pires, incluindo questões de infraestrutura, segurança e eventos locais.",2025-04-03 16:09:25.940713+00,t,120363372410520868-group,SPY,20,\N,\N,\N,\N,2025-08-19 16:21:09.994802+00
28,asst_8cKfL3jMfC8wz3HPTDvuBwfI,DFVP - G4,"Um grupo voltado para a discussão de questões da comunidade de Vicente Pires, incluindo segurança, infraestrutura, serviços e interação entre moradores.",2025-04-03 16:16:08.108954+00,t,120363372000503116-group,SPY,20,\N,\N,\N,\N,2025-08-19 16:21:09.994802+00
56,asst_3fWL04jnAodwquSfg54jSYvv,DFVP - G2,"Um grupo voltado para a troca de informações sobre a comunidade de Vicente Pires, incluindo eventos, serviços locais, questões de trânsito e segurança, além de interações sociais entre os moradores.",2025-04-03 17:04:59.892468+00,t,120363353282274400-group,SPY,20,\N,\N,\N,\N,2025-08-19 16:21:09.994802+00
220,asst_HyivfRKo8bsfwHpQiDRa1XqF,Imperium,"Um grupo focado na comunicação e despedidas dos membros, refletindo uma dinâmica de entrada e saída de participantes.",2025-05-22 21:34:14.10967+00,t,120363153025508575-group,COMMUNITY,19,\N,\N,\N,\N,2025-08-19 16:21:09.994802+00
240,asst_eZc79kJtrO12nsiBK1mopiSL,FLUXO DE ORLANDO (2020) 🇺🇸,"Um grupo para troca de vídeos, imagens e experiências divertidas entre amigos durante uma viagem a Orlando.",2025-06-22 20:47:41.46473+00,t,14072726771-1506224755,SPY,19,\N,\N,\N,\N,2025-08-19 16:21:09.994802+00
167,asst_B8g5A2HlUrtUwoeccwEdpOOf,UniFECAF - Força de Vendas Brasil,"Um grupo voltado para a troca de informações, atualizações e suporte sobre a oferta de cursos e aulas práticas da UniFECAF, visando aprimorar a captação e a experiência dos alunos nos polos de vendas.",2025-04-15 15:50:33.348154+00,t,120363315755804619-group,SPY,20,\N,\N,\N,\N,2025-08-19 16:21:09.994802+00
5,asst_EdyjDo4doJjzBYXIGPdFojIM,📓 JORNADA - A Bíblia do GMN 📓,"Um grupo voltado para a troca de experiências, estratégias e aprendizado sobre Google Meu Negócio, promovendo lives e discussões para aprimorar o desempenho e a presença digital dos participantes.",2025-04-03 16:03:28.595904+00,t,120363260419395218-group,SPY,20,\N,\N,\N,\N,2025-08-19 16:21:09.994802+00
137,asst_OzQgXk5G9eHdnqDsyM7vnnzu,•⤹⃝𝙀𝙈𝙐    ℙ𝕃𝔸𝕐ℤ𝕆ℕ𝔼  모,"Um grupo voltado para a troca de informações e compartilhamento de jogos, com discussões informais e interações entre os membros.",2025-04-09 16:42:11.435746+00,t,120363417304776792-group,SPY,20,\N,\N,\N,\N,2025-08-19 16:21:09.994802+00
9,asst_8OfF8ShIDJSJPFzDDzJSnnb0,OUTLIER MENTORING,"Um grupo voltado para o mentoring e troca de experiências entre profissionais de saúde, com foco no atendimento ao cliente e estratégias de captação.",2025-04-03 16:05:45.83029+00,t,120363168663479525-group,PAID,20,\N,\N,\N,\N,2025-08-19 16:21:09.994802+00
96,asst_Epl3lcGzrEIVloPGhmHLnt2j,TECNICO IBRAFE ,"Um grupo voltado para a troca de informações e experiências sobre práticas agrícolas, mercado, e discussões políticas relacionadas ao agronegócio no Brasil.",2025-04-03 21:37:31.399244+00,t,120363159970129345-group,TRIAL,20,\N,\N,\N,\N,2025-08-19 16:21:09.994802+00
129,asst_DLbDQgaq5nzl8v0ACeO4QDAX,ESQUENTA - A RECONEXÃO 🙏🙌,"Um grupo voltado para a reconexão espiritual e cura financeira por meio de tratamentos energéticos e ativações, com ênfase na libertação de crenças limitantes e promoção da abundância.",2025-04-06 01:24:04.503524+00,t,120363149496687826-group,SPY,20,\N,\N,\N,\N,2025-08-19 16:21:09.994802+00
180,asst_cXpybBKJ1LW6gfofsY00RiDg,KY MBS Vodacom❤️❤️,"Um grupo voltado para a compra de megabytes de internet, com organização e controle de membros, além de regras para preservar a participação ativa.",2025-04-23 16:49:49.585621+00,t,120363383385307777-group,SPY,20,\N,\N,\N,\N,2025-08-19 16:21:09.994802+00
147,asst_GpiTV43wrSDz4XeezYTbFQSZ,MKT - TavHouse,\N,2025-04-10 21:28:30.502147+00,t,120363315044770164-group,PAID,20,\N,\N,\N,\N,2025-08-19 16:21:09.994802+00
195,asst_Z1GMyUZsNmpVHAQyVlQuBpXj,MÉTODO GUARDIÃO,"Um grupo focado em compartilhar experiências, dicas e atualizações sobre estratégias de tráfego pago para profissionais da nutrição, visando otimizar resultados e aprimorar habilidades de vendas.",2025-05-02 16:47:31.509782+00,t,120363047688591800-group,PAID,20,\N,\N,\N,\N,2025-08-19 16:21:09.994802+00
46,asst_onBCOnOc1TuHI4qlGWVylxn3,B2Mamy,"Um espaço para mães empreendedoras se conectarem, trocarem experiências e participarem de eventos, mentorias e oportunidades de networking.",2025-04-03 16:51:50.331108+00,t,120363083423947010-group,SPY,20,\N,\N,\N,\N,2025-08-19 16:21:09.994802+00
35,asst_805sQnFpnEhcuqlb4HfKsGUd,DFAC - G7,"Um grupo voltado para discutir e propor soluções sobre trânsito, segurança e melhorias na comunidade de Águas Claras, além de compartilhar indicações de serviços e eventos locais.",2025-04-03 16:23:10.402506+00,t,556182129001-1409658115,SPY,20,\N,\N,\N,\N,2025-08-19 16:21:09.994802+00
16,asst_1WxSYhpR0u3lrbn0GRUnBTXN,ALEXANDRIA 🇧🇷,"Um grupo focado em apoiar e motivar seus membros na busca por oportunidades de negócios e desenvolvimento pessoal, promovendo um ambiente de energia positiva e colaboração.",2025-04-03 16:08:34.857859+00,t,120363372438773185-group,TRIAL,20,\N,\N,\N,\N,2025-08-19 16:21:09.994802+00
128,asst_IINiCHtG368BtUI35CrAl0nP,RPC 💸 bate-papo,"Um grupo voltado para o compartilhamento de informações sobre investimentos em DeFi, análise de piscinas de liquidez e oportunidades no mercado de criptomoedas.",2025-04-06 00:26:52.582097+00,t,120363341689974086-group,PARTNER,20,\N,\N,\N,\N,2025-08-19 16:21:09.994802+00
60,asst_pvzoQChjp6JFZpiAvVSEc5HZ,Sicredi Centro + Montanea,"Um grupo focado na colaboração e coordenação de conteúdos e campanhas publicitárias para o Sicredi, com discussões sobre estratégias de marketing e produção de materiais promovendo produtos e serviços financeiros.",2025-04-03 17:22:34.783935+00,t,120363163599267140-group,SPY,20,\N,\N,\N,\N,2025-08-19 16:21:09.994802+00
185,asst_KEKE1nwj9hqeZRGn5bd8hDAU,APOSTAS ESPORTIVAS( WDR⚽🏀,Um grupo voltado para a discussão e troca de informações sobre apostas esportivas.,2025-04-29 17:40:30.020877+00,t,120363215973207739-group,SPY,20,\N,\N,\N,\N,2025-08-19 16:21:09.994802+00
36,asst_PxNeJ5MUuef6eTX6teaKxZ0I,Lithothamnium,"Um grupo focado em discutir e compartilhar conhecimentos sobre o uso do Lithothamnium na agricultura, visando otimizar a eficiência do uso de nutrientes e melhorar o desenvolvimento das culturas.",2025-04-03 16:23:13.686508+00,t,120363351827228730-group,SPY,20,\N,\N,\N,\N,2025-08-19 16:21:09.994802+00
19,asst_nYVzqzBnpZ8UBwQQhmuKQrOk,[VIP] Master of GMN,"Um grupo focado na troca de conhecimentos e experiências sobre técnicas de SEO local, com ênfase em aprendizado e suporte mútuo entre os participantes.",2025-04-03 16:09:29.909838+00,t,120363289789827649-group,SPY,20,\N,\N,\N,\N,2025-08-19 16:21:09.994802+00
241,asst_sbQPDfkPQyIvs4vjbNPPEjLD,C O N F R E I R O S,"Um grupo focado em compartilhar opiniões, piadas e experiências pessoais, principalmente sobre bebidas e relacionamentos, em um tom bem-humorado e descontraído.",2025-06-22 20:50:30.04591+00,t,5511985468780-1386529969,SPY,19,\N,\N,\N,\N,2025-08-19 16:21:09.994802+00
89,asst_VJJ5pmIJ81AhWDWLj7Hufmiq,Arrematador - EXTRAJUDICIAL,"Um grupo focado em discutir e compartilhar informações sobre arrematação de imóveis de forma extrajudicial, incluindo experiências e orientações sobre o processo de compra.",2025-04-03 20:38:25.205206+00,t,120363364314928158-group,PAID,20,\N,\N,\N,\N,2025-08-19 16:21:09.994802+00
172,asst_daewhGRQ2bzR905DN6ddl4NI,Networking do Higão,Um grupo voltado para o compartilhamento de contatos e recomendações de serviços relacionados a edição de conteúdo e marketing digital.,2025-04-17 16:06:45.983772+00,t,120363044182597917-group,SPY,20,\N,\N,\N,\N,2025-08-19 16:21:09.994802+00
203,asst_ojglv9mTOiuq15vUdpkKHy9n,PROPRIETÁRIOS - PREMIATTO ,"Um grupo voltado para discussões e sugestões entre os proprietários do condomínio Premiatto, visando melhorar a convivência e a gestão do espaço comum.",2025-05-06 13:44:40.033444+00,t,120363166468204582-group,PARTNER,20,\N,\N,\N,\N,2025-08-19 16:21:09.994802+00
72,asst_DqFEye6ED3VhXb3tbQMYtdWV,CBVAA - Casca Grossa,"Um grupo voltado para a organização e discussão de eventos relacionados ao esporte Va'a, incluindo planejamento de competições, prazos de inscrição e coordenação de uniformes para atletas.",2025-04-03 19:03:26.863432+00,t,120363230304943518-group,SPY,20,\N,\N,\N,\N,2025-08-19 16:21:09.994802+00
126,asst_OfEj4o5LBBi8uFb5CFZhWc9w,MISSÃO TEG 2024 🏆🏆,"Um grupo voltado para médicos que atendem pacientes idosos, oferecendo atualizações diárias, conteúdos exclusivos e ferramentas práticas para aprimorar o atendimento.",2025-04-05 19:37:46.90519+00,t,120363212498037536-group,SPY,20,\N,\N,\N,\N,2025-08-19 16:21:09.994802+00
192,asst_6icwvQJjrsUgvLFPDHuCm2hD,Galo Forte,Um grupo voltado para o compartilhamento de vídeos e conteúdos multimídia relacionados ao Galo Forte.,2025-04-30 22:21:05.546998+00,t,120363328986363328-group,SPY,20,\N,\N,\N,\N,2025-08-19 16:21:09.994802+00
102,asst_AMXQ3037k3i5RpNE8uKCixvm,MOAI | Saúde 💪🏼,"Um espaço para troca de experiências, dicas de saúde, nutrição e atividades físicas, com foco no incentivo à prática de exercícios e bem-estar.",2025-04-04 01:18:42.371547+00,t,120363202799433427-group,SPY,20,\N,\N,\N,\N,2025-08-19 16:21:09.994802+00
38,asst_vGbrjmuIWDKccwDIHKdmyZYR,Mentoria Arrematador,"Um grupo voltado para a troca de conhecimentos e apoio entre arrematadores, com foco em aulas, materiais e orientações sobre leilões de imóveis.",2025-04-03 16:30:11.289362+00,t,120363384285050938-group,SPY,20,\N,\N,\N,\N,2025-08-19 16:21:09.994802+00
27,asst_t5yLxuhsCEN9LKNYcfSAnVoF,PRODUTORES DE GRÃOS OESTE GOIANO CD,"Um grupo de produtores de grãos do Oeste Goiano que discute preocupações sobre preços, comercialização, estratégias de venda e desafios enfrentados na agricultura.",2025-04-03 16:16:07.774653+00,t,120363204970700699-group,SPY,20,\N,\N,\N,\N,2025-08-19 16:21:09.994802+00
221,asst_hELT8s29kmjJEBfiXjmV9yhf,Mentoria Imperium,"Um grupo voltado para o desenvolvimento profissional e pessoal dos membros por meio de mentorias, trocas de experiências e apoio mútuo, com foco em vendas, autoconhecimento e transformação de negócios.",2025-05-22 21:34:14.35377+00,t,120363025591450236-group,SPY,19,\N,\N,\N,\N,2025-08-19 16:21:09.994802+00
144,asst_PQc4rDN2BnwQJDtYCau3wVNu,COM - MKT - PREÇO,"Um grupo voltado à troca de informações, preços e estratégias de marketing de produtos, além de discussões sobre promoções e gerenciamento de tarefas relacionadas a vendas e atendimento ao cliente.",2025-04-10 17:57:36.924068+00,t,120363254630563039-group,TRIAL,20,\N,\N,\N,\N,2025-08-19 16:21:09.994802+00
145,asst_4oYjvifysFfhWwSA4YZHczoD,Despedida Gui ✈️ Las Vegas💃,"Um grupo criado para organizar e compartilhar informações sobre a despedida de Gui, que irá viajar para Las Vegas.",2025-04-10 19:31:08.825595+00,t,120363319864509884-group,SPY,20,\N,\N,\N,\N,2025-08-19 16:21:09.994802+00
222,asst_i3jg8VMPdfy47fqKqDZFegi4,Instituto Patrícia Abrahão | VIP#4,Um grupo focado na comunicação e interação entre os membros do Instituto Patrícia Abrahão.,2025-05-23 17:06:11.849984+00,t,120363417861961752-group,SPY,19,\N,\N,\N,\N,2025-08-19 16:21:09.994802+00
138,asst_1VgbDtMDTsPp9wtaPLsR5sa0,EA FC 25,"Um grupo de discussão sobre resultados e análises de jogos de futebol, com trocas de informações e comentários entre os membros sobre competições e jogadores.",2025-04-09 16:42:55.939547+00,t,120363196640686699-group,SPY,20,\N,\N,\N,\N,2025-08-19 16:21:09.994802+00
59,asst_D46iGd9YLGoK3kfnZ4xamtde,Lembretes,"Um grupo voltado para o compartilhamento de lembretes, documentos, imagens e vídeos relevantes, facilitando a organização e a comunicação entre os membros.",2025-04-03 17:21:31.410678+00,t,5521986308126-1475244871,SPY,20,\N,\N,\N,\N,2025-08-19 16:21:09.994802+00
146,asst_mWH2ETlLOVvQttyMSd09lhRr,Dinamo Internal Coms,\N,2025-04-10 20:40:30.21714+00,t,120363292745963585-group,SPY,20,\N,\N,\N,\N,2025-08-19 16:21:09.994802+00
115,asst_1ZH4xXkmXoLEALohHTUmjtbW,Clube do Bolinha ,"Um grupo onde amigos se comunicam de maneira descontraída, compartilham memes, opinam sobre diversos assuntos e mantêm um clima de amizade e humor.",2025-04-04 17:06:40.111005+00,t,120363025326497141-group,SPY,20,\N,\N,\N,\N,2025-08-19 16:21:09.994802+00
71,asst_WNmS9w0v2W7nBpD5kRxhtunL,Notas,"Um grupo destinado ao compartilhamento de informações, links e documentos relacionados a planejamento, marketing e consultoria, com ênfase em soluções empresariais e estratégias de anúncios.",2025-04-03 18:32:46.55198+00,t,554191239812-1559858361,SPY,20,\N,\N,\N,\N,2025-08-19 16:21:09.994802+00
154,asst_AA9rda7o4XQVpZb3SDCYU8By,Inteligência Artificial e Tecnologia,"Um grupo voltado para discutir inteligência artificial e tecnologia, onde membros trocam informações, buscam indicações de ferramentas e compartilham oportunidades de trabalho na área.",2025-04-12 00:33:37.005965+00,t,120363320552508747-group,SPY,20,\N,\N,\N,\N,2025-08-19 16:21:09.994802+00
183,asst_TnDSPFdWBKs1XQYjwyinpuBK,Amigos do Bóris,\N,2025-04-25 02:17:38.019583+00,t,120363377537169508-group,SPY,20,\N,\N,\N,\N,2025-08-19 16:21:09.994802+00
242,asst_IHP21papw4kaQW9fOvkvHVfK,De Cesare's 🏝⛱👏🏼😎🙏🏼,"Um grupo familiar que compartilha comunicações cotidianas, interações divertidas e discussões sobre curiosidades, além de usar uma inteligência artificial para resumir as atividades do dia.",2025-06-27 22:20:14.809536+00,t,554399224146-1395403425,SPY,19,\N,\N,\N,\N,2025-08-19 16:21:09.994802+00
171,asst_IDdGIUNyHCcgNcG9XMeg4VHe,Paulista Ex Terceiro,"Um grupo para compartilhar imagens, momentos e celebrando aniversários entre amigos, mantendo um ambiente de descontração e boas risadas.",2025-04-17 01:31:06.509348+00,t,5516992230696-1434163597,SPY,20,\N,\N,\N,\N,2025-08-19 16:21:09.994802+00
204,asst_QTZd51klpzvIpn9UdAHBHg8A,Vagas | Oportunidades em SEO ✨,"Um grupo dedicado ao compartilhamento de oportunidades de trabalho na área de SEO, visando facilitar a conexão entre candidatos e vagas disponíveis.",2025-05-08 19:12:33.838659+00,t,120363360311352731-group,SPY,20,\N,\N,\N,\N,2025-08-19 16:21:09.994802+00
24,asst_fg1G9BCoK7iQElbWvWnKzYIF,ADS GROUP - TRÁFEGO PAGO,"Um grupo voltado para a troca de experiências, dicas e suporte sobre anúncios em tráfego pago, especialmente em plataformas digitais como WhatsApp e Meta.",2025-04-03 16:14:54.814548+00,t,556496438204-1608495685,SPY,20,\N,\N,\N,\N,2025-08-19 16:21:09.994802+00
40,asst_PgEIUZMjl6cYg6AWy2phrVMc,Fontes Chaveadas e Inverters,"Um grupo voltado para o aprendizado e compartilhamento de conhecimentos sobre eletrônica, especialmente fontes chaveadas e inversores, promovendo a troca de ideias e a resolução de problemas técnicos.",2025-04-03 16:35:07.929689+00,t,120363162160534131-group,SPY,20,\N,\N,\N,\N,2025-08-19 16:21:09.994802+00
65,asst_DwFYf9ZJU6NGaK2tdijNLvso,Executive Pass | INNER 360,"Um espaço colaborativo para o desenvolvimento pessoal e profissional dos membros, com foco em aprendizado, apoio mútuo e práticas de comunicação eficaz.",2025-04-03 17:47:06.384071+00,t,120363390935912128-group,SPY,20,\N,\N,\N,\N,2025-08-19 16:21:09.994802+00
104,asst_lk3P5BiliZkLkCIQbQts7OLj,Sementes de Teresinha,"Um grupo voltado para a troca de mensagens, fotos e vídeos entre amigos, com foco em compartilhar experiências, eventos familiares, e a paixão pela pescaria.",2025-04-04 01:54:13.540162+00,t,120363207322976730-group,SPY,20,\N,\N,\N,\N,2025-08-19 16:21:09.994802+00
134,asst_NdDlFnKKgV6gF8vrzmiCZGkR,RPC Experience 💸,"Um grupo voltado para a educação e discussão sobre oportunidades e estratégias de investimento no mercado de criptomoedas, com ênfase em aulas e análises práticas.",2025-04-07 23:11:41.409593+00,t,120363346295141185-group,SPY,20,\N,\N,\N,\N,2025-08-19 16:21:09.994802+00
194,asst_oqQPExwWuu6s0xCJuM9z9rnE,Aniversariantes 2025,"Um grupo voltado para celebrar aniversários de membros em 2025, onde ocorre troca de felicitações, organização de eventos e discussões relacionadas.",2025-05-01 19:07:59.856995+00,t,120363063903965814-group,SPY,20,\N,\N,\N,\N,2025-08-19 16:21:09.994802+00
77,asst_gF8DdSF5X9BjfNlSRxIffoXD,Wrexham AFC Brasil - A Comunidade,"Uma comunidade brasileira para torcedores do Wrexham AFC, dedicada a compartilhar informações, eventos e promoções relacionadas ao clube e ao futebol.",2025-04-03 19:13:08.273276+00,t,120363170560014010-group,SPY,20,\N,\N,\N,\N,2025-08-19 16:21:09.994802+00
41,asst_kL7HSQi2j2U0pXqQNL3QtIOy,Comunidade MOAI [Membros],"Um grupo voltado para a troca de experiências e indicações profissionais, com o objetivo de promover conexões estratégicas e apoio mútuo entre os membros da comunidade MOAI.",2025-04-03 16:41:29.083134+00,t,120363045624055672-group,PARTNER,20,\N,\N,\N,\N,2025-08-19 16:21:09.994802+00
193,asst_2aRqaX0rmJb7F4LC53mhkF2r,GRUPO DE ESTUDOS NEUROCIÊNCIA - The Neuro Academy,"Um grupo voltado para o estudo e discussão de neurociência, onde os membros compartilham materiais, resolvem dúvidas sobre provas e se apoiam nas avaliações da pós-graduação.",2025-05-01 14:40:49.894812+00,t,120363418224685093-group,TRIAL,20,\N,\N,\N,\N,2025-08-19 16:21:09.994802+00
152,asst_3cGFZ4nHzbqD8lURn6Rs6SkR,CRAFT Book Club,"Um espaço para amantes da leitura trocarem ideias, métodos de anotação e reflexões sobre livros, promovendo a troca de conhecimentos e experiências.",2025-04-11 19:25:58.173339+00,t,120363396300059767-group,PAID,20,\N,\N,\N,\N,2025-08-19 16:21:09.994802+00
159,asst_jiWujMj1IUi6d69HwAvotXkv,Importantes,"Um grupo voltado para o compartilhamento de informações e links relacionados a marketing digital, produtos e estratégias de vendas.",2025-04-13 19:08:20.530825+00,t,120363305065102779-group,SPY,20,\N,\N,\N,\N,2025-08-19 16:21:09.994802+00
42,asst_Uwj7tQrtCWsYBgRHOeOUkdq0,🔥 AQUECIMENTO DE CHIP WHATSAPP,"Um grupo voltado para o aquecimento de chips no WhatsApp, com foco na troca de experiências e informações sobre esse tema.",2025-04-03 16:43:33.463977+00,t,120363171834384887-group,SPY,20,\N,\N,\N,\N,2025-08-19 16:21:09.994802+00
48,asst_5D7ELCSDVz08YVehP7b5MAhm,☀Bora! Calistenia,"Um grupo que incentiva a prática de calistenia e atividades físicas ao ar livre, promovendo interação e compartilhamento de experiências entre os participantes.",2025-04-03 16:52:43.513985+00,t,556182280167-1559525011,SPY,20,\N,\N,\N,\N,2025-08-19 16:21:09.994802+00
120,asst_QHL5qZjJAvBXTZWYPft5PwlN,⚜FEEP⚜,"Um grupo onde amigos compartilham momentos descontraídos, discutem esportes, trocam informações pessoais e fazem planos de lazer.",2025-04-04 20:47:36.502847+00,t,556493360476-1527116280,SPY,20,\N,\N,\N,\N,2025-08-19 16:21:09.994802+00
118,asst_tf7xApScdWgc1oIdIdvARBOQ,📢 [T12-AVISOS] Mentoria Arrematador,"Um grupo voltado para a divulgação de lives e conteúdos relacionados à mentoria para arrematadores de imóveis, promovendo aprendizado e inspiração no setor.",2025-04-04 18:00:15.690883+00,t,120363329761811650-group,SPY,20,\N,\N,\N,\N,2025-08-19 16:21:09.994802+00
184,asst_gxDWLV1QePTtkvXPDeGEZTGl,ABL-  1999-2001,"Um espaço para discussão e organização de encontros sociais, sorteios de produtos e celebrações entre amigas.",2025-04-29 00:36:59.946835+00,t,5527998138028-1621526253,SPY,20,\N,\N,\N,\N,2025-08-19 16:21:09.994802+00
208,asst_CUiXmf2DtNQ0dHVWaQ6Ib3dJ,Cláudio Xandão,"Um grupo de amigos onde se compartilham vídeos, músicas e se discutem assuntos variados, especialmente relacionados a futebol, festas e humor.",2025-05-13 15:05:54.659315+00,t,120363045686951112-group,SPY,20,\N,\N,\N,\N,2025-08-19 16:21:09.994802+00
90,asst_P9nZZessmH6UJd7bpXfLpeG8,Grupo do carro,"Um grupo voltado para a troca de informações sobre abastecimento de combustíveis, incluindo preços e distâncias percorridas.",2025-04-03 20:43:57.57604+00,t,120363366698845525-group,SPY,20,\N,\N,\N,\N,2025-08-19 16:21:09.994802+00
44,asst_2FZbdw68BxkZzcjsJeScMt52,Árvore Dos Saberes - Eletrônica e Hardware,"Um grupo focado na troca de conhecimentos sobre eletrônica e hardware, com compartilhamento de informações históricas, práticas de aprendizado e reflexões motivacionais.",2025-04-03 16:51:12.305967+00,t,120363233625662156-group,SPY,20,\N,\N,\N,\N,2025-08-19 16:21:09.994802+00
163,asst_Gm5DoU3A0xuZkUYHtdqU5AM6,CRAFT Book Club (Black),"Um grupo destinado à troca de reflexões e aprendizados sobre livros e desenvolvimento pessoal, buscando melhorar a qualidade de vida e a saúde mental dos membros enquanto compartilham experiências.",2025-04-14 17:46:18.536093+00,t,120363413857105738-group,PAID,20,\N,\N,\N,\N,2025-08-19 16:21:09.994802+00
243,asst_qEEe8GBLm4tvNH5cj8RYAwMV,🚨 FUP - GRUPOS VIPs 🚨,"Um grupo de apoio e troca de conhecimentos entre profissionais da saúde, focado na discussão de casos clínicos e na orientação sobre tratamentos e intervenções médicas.",2025-07-04 21:29:00.381416+00,f,120363419951929013-group,CANCELED,19,\N,\N,\N,\N,2025-08-19 16:21:09.994802+00
223,asst_bgtuTRHGpXySyJEaX1Ja7fvP,"Inteligência Artificial, Design e Web","Um grupo voltado para a troca de informações, dicas e discussões sobre inteligência artificial, design e desenvolvimento web, envolvendo ferramentas e metodologias relevantes para esses campos.",2025-05-23 19:42:43.131962+00,t,120363049249583427-group,PARTNER,19,\N,\N,\N,\N,2025-08-19 16:21:09.994802+00
158,asst_ivftJpaGbZpaTMqFoevfw1M6,JOGOS DA PPSSPP & ANDROID 󱢏,"Um grupo focado na troca de jogos para PPSSPP e Android, onde os membros compartilham links e solicitações de download, além de discutirem sobre diferentes títulos.",2025-04-13 16:36:59.633776+00,t,120363417356147116-group,SPY,20,\N,\N,\N,\N,2025-08-19 16:21:09.994802+00
2,asst_41C1JiwJgSkLNOKaCjeAJHSN,✒ Mentoria Copywriting Extremo,"Um grupo voltado para a troca de experiências, dicas e suporte sobre copywriting e estratégias de marketing, com ênfase na prática e no crescimento profissional dos membros.",2025-04-03 16:03:11.990509+00,t,120363303453855564-group,PAID,20,\N,\N,\N,\N,2025-08-19 16:21:09.994802+00
23,asst_AB5zh4Z9m2YPu2Nhi2HteDvK,TURMA SOLANGE 💬 Bate-papo,"Um espaço para discussão sobre investimentos em criptomoedas, troca de informações, dicas de trading e suporte mútuo entre os participantes.",2025-04-03 16:14:29.980631+00,t,120363387709151372-group,SPY,20,\N,\N,\N,\N,2025-08-19 16:21:09.994802+00
140,asst_7RLNTyODgbXRANwr1b3TVyYX,Comunidade TURISMO FORA DA CAIXA,"Um espaço para a troca de experiências e informações sobre turismo alternativo, visando explorar destinos e vivências fora do comum.",2025-04-09 20:45:47.472408+00,t,120363022767149916-group,SPY,20,\N,\N,\N,\N,2025-08-19 16:21:09.994802+00
205,asst_o6bsrV9jnpVUCimB5PkZNcV3,🔥🔞𝑆𝐸𝑋𝑌𝐶𝐻𝐴𝑇🔥🔞 •вꝛꬽր×××•,\N,2025-05-10 15:19:04.453831+00,t,120363163092562318-group,SPY,20,\N,\N,\N,\N,2025-08-19 16:21:09.994802+00
33,asst_vFeGIIBGUJp02bPfCLOxwpjU,DFAC - G30,"Um espaço colaborativo para moradores de Águas Claras discutirem temas locais, compartilhar informações úteis e propor melhorias na comunidade.",2025-04-03 16:22:56.574402+00,t,120363053621166743-group,SPY,20,\N,\N,\N,\N,2025-08-19 16:21:09.994802+00
206,asst_dBDXTwX0gEB9ooqRQZWCRSXt,Comunidade Binance VIP 197,\N,2025-05-12 01:13:28.648596+00,t,120363339098813132-group,SPY,20,\N,\N,\N,\N,2025-08-19 16:21:09.994802+00
122,asst_33LXWOovmWxuzZ0CiEiT8ZQA,Bóris & MOAI,"Um espaço para compartilhar dicas, ofertas e experiências relacionadas a compras e vendas, especialmente focadas em imóveis e serviços de instalação de ar-condicionado.",2025-04-05 00:55:32.013759+00,t,120363332327136548-group,SPY,20,\N,\N,\N,\N,2025-08-19 16:21:09.994802+00
150,asst_p98xPU6jrWm7Ae5MVdj4npPZ,Comissão de Eventos SA🎉,"Um grupo voltado para a organização e planejamento de eventos, focando na decoração, agendamento e intercâmbio de ideias para comemorações e festividades.",2025-04-11 10:47:24.765983+00,t,120363308254934638-group,TRIAL,20,\N,\N,\N,\N,2025-08-19 16:21:09.994802+00
207,asst_0suFWpT6qTYCKL8SC2KT7kw9,🟨 Conexão IPÊ | Leia a descrição,\N,2025-05-13 01:02:43.703335+00,t,120363318875075103-group,COMUNIDADE,20,\N,\N,\N,\N,2025-08-19 16:21:09.994802+00
130,asst_2b6tGfYImDyQPXoQKGr0RMSy,Organização Mundial 2025,"Um grupo voltado para a organização e coordenação do Mundial 2025, focando na discussão de eventos, regulamentos e logística para os competidores e participantes.",2025-04-06 20:59:31.868151+00,t,120363292936844540-group,TRIAL,20,\N,\N,\N,\N,2025-08-19 16:21:09.994802+00
186,asst_aHKXG4OHuFa6XnBK8mPH6XxM,Comunidade Bóris,"Um grupo que parece ter como foco a interação e a comunicação entre seus membros, embora o conteúdo específico das discussões não esteja presente nas mensagens analisadas.",2025-04-29 18:11:18.995361+00,t,120363396218280257-group,SPY,20,\N,\N,\N,\N,2025-08-19 16:21:09.994802+00
125,asst_LqJHExvETAqGjnGPniWZ1iCx,📢 [T11-AVISOS] Mentoria Arrematador,"Um grupo para a divulgação de avisos e informações relacionadas à mentoria de arrematação, facilitando a comunicação entre os participantes.",2025-04-05 15:03:39.173269+00,t,120363304107456736-group,SPY,20,\N,\N,\N,\N,2025-08-19 16:21:09.994802+00
85,asst_ZPf4fjt8YJBbs3jPOeIMefXb,Inside Sales Brasil,"Um grupo voltado para profissionais de vendas que compartilham oportunidades de emprego, conhecimentos sobre estratégias de vendas e networking, visando o crescimento e a inovação no setor.",2025-04-03 19:50:09.135544+00,t,554198746456-1526482534,SPY,20,\N,\N,\N,\N,2025-08-19 16:21:09.994802+00
84,asst_4eoLsAlr3OOwjnlemfLRGpD1,REVO.PS,"Um grupo voltado para a gestão e atualização de membros, evidenciado pelas entradas e saídas frequentes de participantes.",2025-04-03 19:49:37.349006+00,t,120363030901516784-group,SPY,20,\N,\N,\N,\N,2025-08-19 16:21:09.994802+00
132,asst_8RxK9KuaIOAu2ONMJtu6XVB9,PN - Comunicados,"Um grupo voltado para a divulgação de informações e atualizações sobre o festival PN em Cannes, incluindo inscrições e critérios de participação.",2025-04-07 14:39:23.45737+00,t,120363028984270371-group,SPY,20,\N,\N,\N,\N,2025-08-19 16:21:09.994802+00
124,asst_cHXUuyP6Ye7z3VQWWgnnYH3r,DESATIVADO,"Um grupo que parece estar desativado, com diversos membros saindo e uma mensagem promocional sobre dados gratuitos da operadora MOVITEL.",2025-04-05 03:03:32.055563+00,t,120363234573853583-group,SPY,20,\N,\N,\N,\N,2025-08-19 16:21:09.994802+00
112,asst_yGeaEVKVPACg2LWCIwRTxxzG,Futvôlei dos cria,"Um grupo de amigos que compartilha momentos divertidos e interage sobre futvôlei, trocando informações, memes e organizando encontros.",2025-04-04 16:20:23.138082+00,t,120363169770691800-group,SPY,20,\N,\N,\N,\N,2025-08-19 16:21:09.994802+00
37,asst_5pxZdiC4B6AcyrAEeDOCNJM8,Rio Araguaia Viúva-Go,"Um grupo voltado para a troca de experiências, dicas e conteúdos relacionados à pesca no rio Araguaia, favorecendo a conexão entre pescadores e entusiastas da atividade.",2025-04-03 16:24:43.818236+00,t,120363285260763820-group,SPY,20,\N,\N,\N,\N,2025-08-19 16:21:09.994802+00
70,asst_qmQLXkj8hpGcagAy5gRUIG9H,MOAI | Compras e vendas,"Um grupo para a compra e venda de diversos produtos e serviços, com discussões sobre oportunidades de negócios e trocas de informações entre os participantes.",2025-04-03 18:21:40.095841+00,t,120363225505413280-group,SPY,20,\N,\N,\N,\N,2025-08-19 16:21:09.994802+00
244,asst_JCjDF6C2uz4DiXgeN1O1heMB,Azaleas,"Um grupo voltado para discutir e questionar a gestão do condomínio, buscando transparência e melhorias nas práticas administrativas.",2025-07-07 15:32:18.366197+00,t,120363399509044414-group,SPY,19,\N,\N,\N,\N,2025-08-19 16:21:09.994802+00
95,asst_FpRNeVO9YqN4kuPDg2MgT4lW,CREATORS 📲,"Um grupo voltado para criadores de conteúdo que compartilham dicas, experiências e apoio sobre produção e divulgação de vídeos e materiais para plataformas digitais.",2025-04-03 21:22:23.944376+00,t,120363385319687752-group,TRIAL,20,\N,\N,\N,\N,2025-08-19 16:21:09.994802+00
224,asst_TwvWEQC5ZsqWYmVPqUuCoO4r,ARUANÃ PESCA ESPORTIVA Rio Araguaia,"Um espaço para entusiastas da pesca esportiva trocarem experiências, imagens e informações sobre o Rio Araguaia, promovendo uma comunidade engajada em resgatar e celebrar a prática de pescar.",2025-05-24 00:55:40.631233+00,t,556293243426-1473383240,TRIAL,19,\N,\N,\N,\N,2025-08-19 16:21:09.994802+00
107,asst_8kru52kDDLQ1aRv2li1orh1G,AGORA notícias 70,"Um grupo voltado para a divulgação de notícias locais, com ênfase em eventos, segurança, e informações importantes sobre a região do Vale do Taquari.",2025-04-04 10:38:48.556095+00,t,120363026364779833-group,SPY,20,\N,\N,\N,\N,2025-08-19 16:21:09.994802+00
245,asst_pMOamdqWhkste1DHgHawvQrg,Papai Dicas #01 👔📱🍺🧰⚙️,"Um grupo voltado para compartilhar ofertas e dicas de compras, especialmente focado em produtos com descontos, promocionais e novidades para pais e presentes.",2025-07-08 12:48:08.58178+00,t,120363181218153689-group,SPY,19,\N,\N,\N,\N,2025-08-19 16:21:09.994802+00
21,asst_PjVHiRPpTYhbtHkT7bHYmJcr,Brabusfishing Rio Araguaia VIÚVA,"Um grupo voltado para entusiastas da pesca no Rio Araguaia, onde os membros trocam informações sobre pescarias, equipamentos, dicas e experiências locais.",2025-04-03 16:10:38.827382+00,t,120363225706427658-group,PARTNER,20,\N,\N,\N,\N,2025-08-19 16:21:09.994802+00
246,asst_J3RNk1wbQbcziyOuLP1nFuNP,Brinquedo Dicas 11 🎁⚽️🧸🚂,"Um grupo voltado para a troca de dicas e ofertas de brinquedos e produtos infantis, visando estimular a imaginação e criatividade das crianças.",2025-07-08 12:48:29.211423+00,t,120363181987708410-group,SPY,19,\N,\N,\N,\N,2025-08-19 16:21:09.994802+00
66,asst_l089qAF4xnzqm5q5QvEMviy3,Comunidade Auto Mate +,"Um grupo voltado para discutir e compartilhar atualizações, estratégias e experiências sobre automação e uso das APIs do WhatsApp Business.",2025-04-03 17:51:04.559914+00,t,120363369438728000-group,PARTNER,20,\N,\N,\N,\N,2025-08-19 16:21:09.994802+00
210,asst_xSRqAtTTrN9sfITo6wtrUuN0,Só Jogador Caro,\N,2025-05-14 16:13:29.166146+00,t,120363239250149477-group,SPY,20,\N,\N,\N,\N,2025-08-19 16:21:09.994802+00
225,asst_5V2DRFyHoglpXeoXomKbrkCN,N8N & AUTOMAÇÃO,"Um grupo voltado para discussão, aprendizado e troca de experiências sobre automação utilizando a ferramenta N8N, além de abordagens práticas relacionadas a integrações e inteligência artificial.",2025-05-30 22:07:03.939953+00,t,120363329986213559-group,SPY,19,\N,\N,\N,\N,2025-08-19 16:21:09.994802+00
83,asst_mXCofQXfnk00yRO12SPM7F1P,Amigos PN 👑🏀👑,"Um grupo de amigos que troca ideias e opiniões sobre esportes, em especial basquete e futebol, discutindo jogos, equipes e experiências pessoais de forma descontraída.",2025-04-03 19:43:00.14044+00,t,555499022178-1427760956,SPY,20,\N,\N,\N,\N,2025-08-19 16:21:09.994802+00
164,asst_XtAoyvNNG8g491xCsGS8KwwI,Comunidade ACE10x,"Um espaço de colaboração e troca de conhecimentos entre profissionais da área financeira, com foco em mentorias, orientações sobre produtos e soluções para desafios do dia a dia no trabalho.",2025-04-14 20:14:11.063057+00,t,120363155437433771-group,PAID,20,\N,\N,\N,\N,2025-08-19 16:21:09.994802+00
247,asst_DLxSGpEs66PPhVZfwXtAmIdf,Achadinhos da Lívia 🔍 #14,"Um grupo voltado para a troca de ofertas, promoções e sugestões de produtos variados, principalmente do site Shopee, visando ajudar os membros a encontrar bons negócios.",2025-07-08 12:49:24.339827+00,t,120363379119549719-group,SPY,19,\N,\N,\N,\N,2025-08-19 16:21:09.994802+00
109,asst_BaApxL6YvUDX5Q9QNX1Pbvff,Ella Lidera Líderes,"Um grupo focado em liderar e apoiar mulheres, promovendo eventos e palestras de desenvolvimento pessoal e profissional, com forte interatividade e celebração da comunidade.",2025-04-04 13:00:49.261575+00,t,120363315771938006-group,TRIAL,20,\N,\N,\N,\N,2025-08-19 16:21:09.994802+00
226,asst_d0WXp8wb2LUCNx4azU0W3dgj,GRUPO Nogueira,"Um grupo voltado para a promoção e venda de imóveis em Juiz de Fora, onde os membros compartilham informações, fotos e condições para atrair compradores.",2025-06-03 19:30:55.301315+00,t,553284164868-1480363770,SPY,19,\N,\N,\N,\N,2025-08-19 16:21:09.994802+00
108,asst_YYDjZaXkV1u15YGfrCEycyCm,Casa de mãe 2,"Um grupo familiar centrado em expressões de amor, orações, compartilhamento de bênçãos diárias e apoio mútuo em momentos de dificuldades.",2025-04-04 12:19:19.132171+00,t,556196390805-1592619040,SPY,20,\N,\N,\N,\N,2025-08-19 16:21:09.994802+00
248,asst_28D2aS3QIQ4tKXPlYHxcrynA,Integrações FUSS (MAG/Decision),"Um grupo voltado para a coordenação e monitoramento da integração de dados entre a plataforma FGV e o sistema RD Station, com foco na solução de problemas e troca de informações sobre leads e processos de integração.",2025-07-11 19:14:37.138982+00,t,120363401243644840-group,PARTNER,19,\N,\N,\N,\N,2025-08-19 16:21:09.994802+00
227,asst_UvwLej8yF0BTaCMs7juRugt6,CONASÍNDICOS,"Um grupo voltado para síndicos e síndicas que promove a troca de informações, capacitação e networking no contexto da gestão condominial em Brasília.",2025-06-04 20:40:33.929059+00,t,120363167630456024-group,SPY,19,\N,\N,\N,\N,2025-08-19 16:21:09.994802+00
4,asst_8bWNaxQrLKY3mS9xJU0d3dl1,[TIRA DÚVIDAS] Magnetic Flows,"Um grupo voltado para a troca de informações, dicas e suporte sobre automações e integrações na plataforma HighLevel, com foco em resolução de dúvidas e compartilhamento de experiências.",2025-04-03 16:03:17.637357+00,t,120363270045530305-group,PAID,20,\N,\N,\N,\N,2025-08-19 16:21:09.994802+00
14,asst_o5p7byYmn1WbshypYqMojvEX,Inteligência Artificial | NETWORK BR,"Um grupo destinado à troca de informações, experiências e suporte sobre inteligência artificial, ferramentas de marketing, vendas online e tecnologia.",2025-04-03 16:08:04.90431+00,t,120363032052129875-group,TRIAL,20,\N,\N,\N,\N,2025-08-19 16:21:09.994802+00
73,asst_HywKJEGVLBxJsH6Y2SVX0Lfk,IPÊ | Canal Principal 🔥,"Um espaço voltado para networking e troca de conhecimentos entre empreendedores, visando fomentar oportunidades de negócios e parcerias no ecossistema digital.",2025-04-03 19:03:47.022116+00,t,120363295462733556-group,PARTNER,20,\N,\N,\N,\N,2025-08-19 16:21:09.994802+00
114,asst_1Bl44JHgxIbb0ACl1PyOa7q1,💛🐝🇧🇷—• BVB_09_BR •—🇧🇷🐝🖤,"Um grupo de torcedores do Borussia Dortmund que discute jogos, notícias, análises de jogadores e compartilha emoções ligadas ao desempenho da equipe.",2025-04-04 17:01:20.572161+00,t,120363158398307726-group,SPY,20,\N,\N,\N,\N,2025-08-19 16:21:09.994802+00
82,asst_tDO0arB5FIRSxyYWn5e33coj,Família 9 TOP 809 Legendários,"Um grupo voltado para a troca de informações, apoio e planejamento entre membros que participam de eventos e desafios, com ênfase na fraternidade e espiritualidade.",2025-04-03 19:41:35.313624+00,t,120363376287389396-group,SPY,20,\N,\N,\N,\N,2025-08-19 16:21:09.994802+00
52,asst_erqUIzfWHoivt7NFyFbOy6tR,OliFriends (Comunidade),"Um espaço colaborativo onde membros trocam informações, aprendem sobre questões econômicas e políticas, e discutem diferentes perspectivas sobre temas relevantes, sempre apoiando um ambiente positivo e respeitoso.",2025-04-03 16:59:43.229452+00,t,120363109793990907-group,PARTNER,20,\N,\N,\N,\N,2025-08-19 16:21:09.994802+00
141,asst_hqGRvo71c3Mtde3vUIEZ20LW,ALERTA DE VÔOS - MANAUS 🎟️✈️🤑,Um grupo voltado para a troca de informações sobre alertas e ofertas de voos na região de Manaus.,2025-04-09 23:50:39.717347+00,t,120363309108688356-group,SPY,20,\N,\N,\N,\N,2025-08-19 16:21:09.994802+00
249,asst_AabezTtwAt0K76kgBbF3CU41,Crmthink <> Viasoft,Um grupo para troca de informações sobre projetos e acompanhamento de propostas comerciais entre a equipe da Crmthink e a Viasoft.,2025-07-15 17:54:18.709713+00,t,120363297394866860-group,PARTNER,19,\N,\N,\N,\N,2025-08-19 16:21:09.994802+00
139,asst_tXeqxvxeYcvNS9d5yjjCmI8t,SÓ GESTORES ®️,"Um espaço de colaboração entre gestores para discutir pautas, trocar informações administrativas e organizar eventos, focando na eficiência e na comunicação do grupo.",2025-04-09 17:11:25.325765+00,t,120363149198291604-group,SPY,20,\N,\N,\N,\N,2025-08-19 16:21:09.994802+00
17,asst_6gcwm9NgniKV2hGtWXNndsWf,COMUNIDADE JUSTA PENA,"Um espaço colaborativo para advogados que discutem questões jurídicas relacionadas ao sistema penal, como indulto, comutação de pena e casos específicos de defesa.",2025-04-03 16:09:22.161645+00,t,120363163553318919-group,PAID,20,\N,\N,\N,\N,2025-08-19 16:21:09.994802+00
106,asst_Imsz5ugOVT1GvygCRJhPonwC,🍁 Brazilian Growers 🇧🇷,"Um grupo destinado à inclusão e interação de cultivadores brasileiros, trocando experiências e informações sobre práticas de cultivo.",2025-04-04 02:50:11.62039+00,t,120363302642089154-group,SPY,20,\N,\N,\N,\N,2025-08-19 16:21:09.994802+00
135,asst_221uyykxnkbyYTT4Ei9q9Gee,Comunidade Sales Ops,"Um grupo voltado para discussões relacionadas a operações de vendas, incluindo trocas de informações e experiências entre profissionais da área.",2025-04-08 12:31:54.761684+00,t,120363047620965718-group,SPY,20,\N,\N,\N,\N,2025-08-19 16:21:09.994802+00
200,asst_eOEOhL8aUjAwdlH5zita0JEc,Cond. Premiatto Residence,"Um grupo voltado à gestão e comunicação de questões administrativas e financeiras do condomínio Premiatto Residence, incluindo o compartilhamento de documentos e atualizações sobre demandas e serviços.",2025-05-06 13:26:43.64199+00,t,120363123681779228-group,PARTNER,20,\N,\N,\N,\N,2025-08-19 16:21:09.994802+00
30,asst_W9KwcP9cArXnWZ6SLShuw29S,Hubspot Brasil,"Um grupo voltado para troca de experiências e recomendações sobre ferramentas de integração e uso do Hubspot, com foco em otimização de processos de vendas e atendimento ao cliente.",2025-04-03 16:18:23.22201+00,t,5519999889271-1583244706,PAID,20,\N,\N,\N,\N,2025-08-19 16:21:09.994802+00
250,asst_D0DaeowyZBiQLz3g9JewAJQb,Como Iniciar l Direito Digital 360º,"Um grupo voltado para o aprendizado e compartilhamento de conhecimento sobre Direito Digital, incluindo práticas de mercado, eventos e ferramentas de gestão para profissionais da área jurídica.",2025-07-17 15:37:25.650532+00,t,120363400595252839-group,SPY,19,\N,\N,\N,\N,2025-08-19 16:21:09.994802+00
165,asst_mWIElz0IhlslhhEhhN87Mhvr,IA OPS [Acad GA] - Bóris grupos alunos,"Um grupo voltado para discussão e resolução de questões relacionadas à automação e integração de projetos, com compartilhamento de arquivos e organização de reuniões entre os membros.",2025-04-14 23:17:16.902666+00,t,120363377451028011-group,SPY,20,\N,\N,\N,\N,2025-08-19 16:21:09.994802+00
228,asst_ic41wdL4ftmobALZ3QgdxEaV,LFG - Geeks,"Um grupo voltado para discussões informais sobre jogos, astros e relacionamentos, onde prevalece o humor e a brincadeira entre os participantes.",2025-06-05 21:07:04.402928+00,t,120363424650963513-group,SPY,19,\N,\N,\N,\N,2025-08-19 16:21:09.994802+00
54,asst_YosyMsCl7XhG7zsZzvS8RwZf,Comunidade l Direito Digital 360º,"Um espaço colaborativo para advogados e profissionais do direito digital trocarem experiências, informações e orientações sobre certificação digital, legislações, e práticas na área de direito digital.",2025-04-03 17:01:05.83511+00,t,120363180962818666-group,PAID,20,\N,\N,\N,\N,2025-08-19 16:21:09.994802+00
230,asst_DnPOIjDhRJUqlq9Dvpl940Lo,Espaço mentoria,Um grupo voltado para o compartilhamento de resumos e experiências relacionadas a mentorias.,2025-06-07 16:20:28.11239+00,t,120363417562914793-group,PAID,19,\N,\N,\N,\N,2025-08-19 16:21:09.994802+00
88,asst_yDRogmL3AfvUycOs34dXHEZ8,FlutterFlow Comunidade No-Code 🇧🇷,Um espaço colaborativo para entusiastas de no-code aprenderem e trocarem experiências sobre o uso do FlutterFlow.,2025-04-03 20:08:18.384005+00,t,120363205570975023-group,SPY,20,\N,\N,\N,\N,2025-08-19 16:21:09.994802+00
62,asst_GPKyo9Jic2HjuvAxXQyUWvak,Octa Novidades,"Um espaço de troca de conhecimento e networking para profissionais de negócios, vendas e tecnologia, com foco em dicas, novidades e suporte sobre o uso da plataforma Octa.",2025-04-03 17:25:45.676333+00,t,120363284563030316-group,SPY,20,\N,\N,\N,\N,2025-08-19 16:21:09.994802+00
29,asst_wWXBMsmA876qZOJrgPSNNGpP,Inteligência Artificial 🤖 ,"Um grupo voltado para discussões sobre inteligência artificial, suas aplicações, impactos sociais e inovações tecnológicas, com ênfase na interação entre membros sobre tendências e experiências práticas.",2025-04-03 16:18:03.506912+00,t,120363238815925043-group,PARTNER,20,\N,\N,\N,\N,2025-08-19 16:21:09.994802+00
251,asst_dFg75x3sWJH5BCwPBHIcjc2b,Connect Think <> Bóris,"Um grupo voltado para alinhamento e troca de informações sobre o desenvolvimento e implementação do plugin Bóris, com foco na comunicação colaborativa entre os membros.",2025-07-18 15:17:36.954406+00,t,120363402792429491-group,SPY,19,\N,\N,\N,\N,2025-08-19 16:21:09.994802+00
166,asst_NX6ViVJMQrMxKTbqJR8NhGEL,Coordenação Furcata,"Um grupo voltado para a interação e compartilhamento de humor entre os membros, expressando descontração e amizade.",2025-04-15 00:47:05.383354+00,t,120363235212425413-group,SPY,20,\N,\N,\N,\N,2025-08-19 16:21:09.994802+00
229,asst_ntF1h5OjXhxdTqUaC0IBRZ9b,100% Tesla Club Brasil 🇧🇷.,"Um grupo voltado para entusiastas da Tesla no Brasil, onde compartilham experiências, novidades, dicas de manutenção e suporte sobre veículos elétricos da marca.",2025-06-07 16:19:27.769521+00,t,554899898853-1516553823,PARTNER,19,\N,\N,\N,\N,2025-08-19 16:21:09.994802+00
191,asst_L6afCkrHWOwtqNiHfaTdwquw,Força Invicta Veteranos 2,"Um grupo de veteranos militares que discute questões relacionadas a reajustes salariais, políticas públicas e direitos dos servidores, promovendo a transparência e diálogo entre seus membros.",2025-04-30 20:06:50.821422+00,t,557193037027-1565212310,SPY,20,\N,\N,\N,\N,2025-08-19 16:21:09.994802+00
87,asst_kkbCXXnwmnuH5gnEF36IXm3t,Comunidade Sales Ops,"Um grupo voltado para profissionais de Sales Ops que troca informações, dicas e experiências relacionadas à automação de processos, integração de ferramentas e melhorias nas operações comerciais.",2025-04-03 20:00:28.31367+00,t,120363038089805530-group,SPY,20,\N,\N,\N,\N,2025-08-19 16:21:09.994802+00
68,asst_b9cVw6tCsDP5RPgmZAfLlGHg,Confraria  Startups,"Um espaço colaborativo para empreendedores e profissionais de startups trocarem ideias, buscarem parcerias e compartilharem oportunidades de negócios, especialmente nas áreas de saúde, marketing digital e tecnologia.",2025-04-03 17:54:41.86109+00,t,120363375864070419-group,SPY,20,\N,\N,\N,\N,2025-08-19 16:21:09.994802+00
209,asst_Aq40c3OyGY0stbkoupbn5H26,Bóris - Testes,"Um grupo voltado para testes de mensagens e interações, onde os membros compartilham experiências e se divertem com conversas leves e engraçadas.",2025-05-13 20:14:13.083358+00,t,120363399994939292-group,PARTNER,20,\N,\N,\N,\N,2025-08-19 16:21:09.994802+00
252,asst_6JQmptXMe02SJQDCWN2gJh5B,Condoplace <> Bóris,\N,2025-07-18 15:18:15.296886+00,t,120363418502579472-group,SPY,19,\N,\N,\N,\N,2025-08-19 16:21:09.994802+00
123,asst_St4NhW1MrsHAl7AnhbxkrIcN,GRUPO VIP PROMOÇÕES E DICAS,Um grupo voltado para a troca de dicas e promoções exclusivas entre seus membros.,2025-04-05 01:06:29.085335+00,t,120363286903190093-group,SPY,20,\N,\N,\N,\N,2025-08-19 16:21:09.994802+00
10,asst_ZyIdchg8Xq976M6nV2m2A3ez,Geral | Tira dúvidas ✨,"Um espaço para profissionais e empreendedores de marketing trocarem dúvidas, estratégias e insights sobre SEO, desempenho e otimização de negócios digitais.",2025-04-03 16:06:05.810537+00,t,120363371601616738-group,PAID,20,\N,\N,\N,\N,2025-08-19 16:21:09.994802+00
93,asst_DQjPbfGeXnR2mLkdbPWPsWay,Magnetic Flows Academy,"Um grupo voltado para o aprendizado e troca de experiências sobre automações de marketing digital, incluindo SEO e gestão de leads, com ênfase na solução de problemas e integração de ferramentas.",2025-04-03 20:46:50.809872+00,t,120363280506738185-group,PAID,20,\N,\N,\N,\N,2025-08-19 16:21:09.994802+00
15,asst_OMtahvOJRCp3KlY8JoZgcS0C,MENTORIA l Direito Digital 360º,Um espaço de mentoria sobre Direito Digital onde advogados trocam experiências e informações sobre casos relacionados a plataformas digitais e proteção de dados.,2025-04-03 16:08:07.088189+00,t,120363175248900639-group,PAID,20,\N,\N,\N,\N,2025-08-19 16:21:09.994802+00
6,asst_sZZ4hNTUmdld3FdvRtKIt1nB,Equipe Bóris,"Um grupo focado na colaboração e desenvolvimento de um projeto específico, onde os membros discutem atualizações, funcionalidades e soluções técnicas.",2025-04-03 16:04:06.759136+00,t,120363373354295370-group,SPY,20,\N,\N,\N,\N,2025-08-19 16:21:09.994802+00
26,asst_O30y0EIT6O3ddVizMiiAGQL2,Mentoria E-Bordados,"Um grupo voltado para mentoria em bordados, onde os membros compartilham desafios, dicas e experiências relacionadas ao artesanato e técnicas de bordado.",2025-04-03 16:15:48.281084+00,t,120363208345961749-group,PAID,20,\N,\N,\N,\N,2025-08-19 16:21:09.994802+00
253,asst_9G5cnxxgP8tc4UxmR2H8Mp4C,Mentoria ViV - Médico de Excelência (MEX),"Um grupo voltado para a troca de experiências e informações sobre medicina integrativa, tratamentos hormonais e suporte a profissionais de saúde no aprimoramento de suas práticas.",2025-07-23 16:48:47.624811+00,t,120363213412221483-group,PAID,19,\N,\N,\N,\N,2025-08-19 16:21:09.994802+00
11,asst_vfEyC0v3YL3ge0GovRQIq78w,Comunidade GM 💸🧠✨,"Uma comunidade voltada para a aprendizagem e discussão sobre investimentos em criptomoedas, incluindo análise de mercado, gestão de carteira e estratégias de airdrops.",2025-04-03 16:06:22.248424+00,t,120363261755158569-group,SPY,20,\N,\N,\N,\N,2025-08-19 16:21:09.994802+00
162,asst_Vvz49WRjkwuRn90ZHafWiPz8,B2Mamy Comunidade Tentantes,"Um espaço de apoio e troca de experiências para mulheres que estão tentando engravidar, compartilhando suas histórias, desafios e recursos relacionados à fertilidade.",2025-04-14 16:30:35.395528+00,t,120363418645106446-group,PARTNER,20,\N,\N,\N,\N,2025-08-19 16:21:09.994802+00
50,asst_6AYmnB0SgHZmCVDsTXq9YGLK,MKT - Corpal,"Um grupo voltado à criação e gestão de campanhas de marketing para os empreendimentos da Corpal, com ênfase em lançamentos imobiliários e estratégias de divulgação nas redes sociais.",2025-04-03 16:54:43.827206+00,t,120363324839120317-group,PAID,20,\N,\N,\N,\N,2025-08-19 16:21:09.994802+00
111,asst_EflaMjxv09FUCGMYzGOpZofp,DFAC - Onde está o Zebrinha?,"Um grupo voltado para compartilhar informações, acompanhar e discutir sobre a rota e localização do ônibus Zebrinha, facilitando o acesso ao transporte público em Águas Claras.",2025-04-04 16:13:55.680683+00,t,120363412558134243-group,TRIAL,20,\N,\N,\N,\N,2025-08-19 16:21:09.994802+00
8,asst_JQ6vy6fkbfFR7Udgoo6wJGXs,SCALE MENTORING,"Um grupo voltado para o compartilhamento de estratégias, experiências e desafios no lançamento de produtos digitais, com foco em marketing e vendas.",2025-04-03 16:05:13.357863+00,t,120363159372326129-group,PARTNER,20,\N,\N,\N,\N,2025-08-19 16:21:09.994802+00
64,asst_8cjAcyI1W1M7pkgG4smxIByP,Ofertas - Alvorada,"Um grupo voltado para a troca de informações, esclarecimento de dúvidas e compartilhamento de imagens relacionadas a produtos e ofertas da empresa Alvorada.",2025-04-03 17:35:32.833021+00,t,556193925957-1554129555,PAID,20,\N,\N,\N,\N,2025-08-19 16:21:09.994802+00
58,asst_4wj83ksSQfZcJtj7ISxNNMtt,TEA FISIO TRAFEGO,"Um grupo voltado para a coordenação e otimização de campanhas de tráfego para captação de leads no Instituto TEA e Fisiomed, com foco na melhora do engajamento e qualificação dos contatos.",2025-04-03 17:19:51.5236+00,t,120363285971315660-group,PAID,20,\N,\N,\N,\N,2025-08-19 16:21:09.994802+00
55,asst_WQX5ZGXicn539q2NxQo1LpGd,Comunidade B2Mamy,"Um espaço para mulheres empreendedoras trocarem experiências, se apoiarem e colaborarem em projetos e desafios, promovendo crescimento pessoal e profissional.",2025-04-03 17:01:27.898945+00,t,120363085763569390-group,PAID,20,\N,\N,\N,\N,2025-08-19 16:21:09.994802+00
49,asst_YEjSwEpc97zoAl2UWikdzFF8,[CHAT] Wrexham Brasil,"Um grupo focado em discutir sobre o Wrexham, incluindo especulações sobre contratações, desempenho da equipe e novidades relacionadas ao time.",2025-04-03 16:54:10.377665+00,t,120363319506698814-group,PAID,20,\N,\N,\N,\N,2025-08-19 16:21:09.994802+00
47,asst_R9ljw92hyRWtpfvwdMGD0G7a,MRC - Turma 4 🧠💸🍾,"Um grupo voltado para a educação e prática em investimentos, com foco em gestão financeira, análise de mercado e estratégias para maximizar ganhos com criptomoedas e ativos digitais.",2025-04-03 16:51:52.767484+00,t,120363371809698475-group,SPY,20,\N,\N,\N,\N,2025-08-19 16:21:09.994802+00
31,asst_8HpUh1tHVQdKM5qB4wYJbS8N,r/MarketingDigitalBR,"Um espaço colaborativo para profissionais de marketing digital trocarem experiências, dicas e estratégias, visando crescimento e resolução de desafios na área.",2025-04-03 16:21:21.389962+00,t,120363135006767856-group,PARTNER,20,\N,\N,\N,\N,2025-08-19 16:21:09.994802+00
7,asst_Q2IEBHr9amwuNKaOPwSbh9DM,Mentoria - Diogo Viana,"Um grupo de profissionais de saúde que troca experiências e discussões sobre tratamento, acompanhamento e manejo de pacientes, com foco em medicina integrada e cuidados femininos.",2025-04-03 16:04:38.92727+00,t,120363044937041373-group,PAID,20,\N,\N,\N,\N,2025-08-19 16:21:09.994802+00
254,asst_O2fXBUV4tgutxLDfZvDIw5yP,BLACKSISTERS IN LAW,"Um grupo que promove o empoderamento e a formação profissional de mulheres negras na área do direito, oferecendo eventos, lives e cursos voltados ao fortalecimento da advocacia.",2025-07-23 22:29:15.281818+00,f,120363033305513047-group,COMMUNITY,19,\N,\N,\N,\N,2025-08-19 16:21:09.994802+00
34,asst_swyt8S9EtHJ9S81xBqOVWO2s,DFAC - G32,"Um grupo voltado para a troca de informações e alertas sobre segurança, eventos e serviços na comunidade de Águas Claras.",2025-04-03 16:22:58.852762+00,t,120363220435211557-group,SPY,20,\N,\N,\N,\N,2025-08-19 16:21:09.994802+00
105,asst_FmodoHw2bdZ0SYJOEK9NXmT3,Comunidade CRM Hub,"Um grupo voltado para o intercâmbio de informações e experiências relacionadas a CRM, com o objetivo de melhorar a gestão de relacionamento com clientes e promover colaborações entre os membros.",2025-04-04 02:47:12.544033+00,t,120363046160442138-group,TRIAL,20,\N,\N,\N,\N,2025-08-19 16:21:09.994802+00
255,asst_SjCEE2UQ5N6xQirqQB9TImPa,Black Sisters in Law,"Um espaço de apoio e troca de experiências entre mulheres negras em atuação no Direito, promovendo networking, aprendizado e fortalecimento mútuo.",2025-07-23 22:29:15.327412+00,t,120363042760088353-group,TRIAL,19,\N,\N,\N,\N,2025-08-19 16:21:09.994802+00
